Project,Commit,TestFilePath,Assertion Roulette,Conditional Test Logic,Constructor Initialization,Default Test,EmptyTest,Exception Catching Throwing,General Fixture,Mystery Guest,Print Statement,Redundant Assertion,Sensitive Equality,Verbose Test,Sleepy Test,Eager Test,Lazy Test,Duplicate Assert,Unknown Test,IgnoredTest,Resource Optimism,Magic Number Test,Dependent Test,Assertion RouletteRemoved,Conditional Test LogicRemoved,Constructor InitializationRemoved,Default TestRemoved,EmptyTestRemoved,Exception Catching ThrowingRemoved,General FixtureRemoved,Mystery GuestRemoved,Print StatementRemoved,Redundant AssertionRemoved,Sensitive EqualityRemoved,Verbose TestRemoved,Sleepy TestRemoved,Eager TestRemoved,Lazy TestRemoved,Duplicate AssertRemoved,Unknown TestRemoved,IgnoredTestRemoved,Resource OptimismRemoved,Magic Number TestRemoved,Dependent TestRemoved
cassandra,ba87ab4e954ad2e537f6690953bd7ebaa069f5cd,test/unit/org/apache/cassandra/db/compaction/PendingRepairManagerTest.java,7.0,0.0,0.0,0.0,0.0,0.0,0.0,0.0,0.0,0.0,0.0,0.0,0.0,,,2.0,0.0,0.0,0.0,6.0,0.0,0.0,0.0,0.0,0.0,0.0,2.0,0.0,0.0,0.0,0.0,0.0,0.0,0.0,0.0,0.0,0.0,0.0,0.0,0.0,0.0,0.0
cassandra,1a70dede3a33a2e8bf107f44139580b4ace1c9ff,test/unit/org/apache/cassandra/db/CounterCellTest.java,3.0,0.0,0.0,0.0,0.0,1.0,0.0,0.0,0.0,0.0,0.0,0.0,0.0,,,2.0,1.0,0.0,0.0,2.0,0.0,0.0,0.0,0.0,0.0,0.0,0.0,0.0,0.0,0.0,0.0,0.0,0.0,0.0,0.0,0.0,0.0,0.0,0.0,0.0,0.0,0.0
cassandra,f4da90aca0e79664ea06212283f6cd5f9288d441,test/unit/org/apache/cassandra/db/compaction/AntiCompactionTest.java,1.0,1.0,0.0,0.0,0.0,7.0,0.0,0.0,0.0,0.0,0.0,0.0,0.0,,,0.0,6.0,1.0,0.0,1.0,0.0,1.0,1.0,0.0,0.0,0.0,1.0,0.0,0.0,0.0,0.0,0.0,0.0,0.0,0.0,0.0,0.0,0.0,0.0,0.0,1.0,0.0
cassandra,f4da90aca0e79664ea06212283f6cd5f9288d441,test/unit/org/apache/cassandra/repair/consistent/PendingAntiCompactionTest.java,8.0,2.0,0.0,0.0,0.0,8.0,8.0,0.0,0.0,0.0,0.0,0.0,0.0,,,1.0,0.0,0.0,0.0,7.0,0.0,0.0,0.0,0.0,0.0,0.0,1.0,1.0,0.0,0.0,0.0,0.0,0.0,0.0,0.0,0.0,0.0,1.0,0.0,0.0,0.0,0.0
cassandra,62d39f6544e3fbcbc268aecbb3a46950dcba2bf0,test/unit/org/apache/cassandra/dht/RangeFetchMapCalculatorTest.java,0.0,0.0,0.0,0.0,0.0,10.0,0.0,0.0,0.0,0.0,0.0,0.0,0.0,,,0.0,0.0,0.0,0.0,8.0,0.0,1.0,0.0,0.0,0.0,0.0,2.0,0.0,0.0,0.0,0.0,0.0,0.0,0.0,0.0,0.0,0.0,0.0,0.0,0.0,0.0,0.0
cassandra,fab384560311ec1f3043fbf6137093ea129afa68,test/unit/org/apache/cassandra/batchlog/BatchlogEndpointFilterTest.java,3.0,0.0,0.0,0.0,0.0,4.0,0.0,0.0,0.0,0.0,0.0,0.0,0.0,,,0.0,0.0,0.0,0.0,4.0,0.0,2.0,0.0,0.0,0.0,0.0,1.0,0.0,0.0,0.0,0.0,0.0,0.0,0.0,0.0,0.0,0.0,0.0,0.0,0.0,1.0,0.0
cassandra,99e5f7efc33fb3672e11dfba9f2521d09473dddf,test/unit/org/apache/cassandra/config/DatabaseDescriptorRefTest.java,0.0,1.0,0.0,0.0,0.0,1.0,0.0,0.0,0.0,0.0,0.0,0.0,0.0,,,0.0,0.0,0.0,0.0,0.0,0.0,0.0,0.0,0.0,0.0,0.0,0.0,0.0,0.0,0.0,0.0,0.0,0.0,0.0,0.0,0.0,0.0,0.0,0.0,0.0,0.0,0.0
cassandra,b76a48b61f284efa9ba514e2c296b96654cb1a93,test/unit/org/apache/cassandra/db/compaction/PendingRepairManagerTest.java,7.0,0.0,0.0,0.0,0.0,2.0,0.0,0.0,0.0,0.0,0.0,0.0,0.0,,,2.0,0.0,0.0,0.0,6.0,0.0,1.0,0.0,0.0,0.0,0.0,1.0,0.0,0.0,0.0,0.0,0.0,0.0,0.0,0.0,0.0,1.0,0.0,0.0,0.0,0.0,0.0
cassandra,c066f126e20180ae0230b7d6a61666152149a79f,test/unit/org/apache/cassandra/db/compaction/PendingRepairManagerTest.java,8.0,0.0,0.0,0.0,0.0,3.0,0.0,0.0,0.0,0.0,0.0,0.0,0.0,,,3.0,0.0,0.0,0.0,6.0,0.0,1.0,0.0,0.0,0.0,0.0,0.0,0.0,0.0,0.0,0.0,0.0,0.0,0.0,0.0,0.0,0.0,0.0,0.0,0.0,0.0,0.0
cassandra,c066f126e20180ae0230b7d6a61666152149a79f,test/unit/org/apache/cassandra/repair/consistent/LocalSessionTest.java,20.0,0.0,0.0,0.0,0.0,16.0,0.0,0.0,0.0,0.0,0.0,0.0,0.0,,,6.0,0.0,0.0,0.0,3.0,0.0,1.0,0.0,0.0,0.0,0.0,1.0,0.0,0.0,0.0,0.0,0.0,0.0,0.0,0.0,0.0,1.0,0.0,0.0,0.0,0.0,0.0
cassandra,dc32ed80d727ca644d2162fbf0fb316811cd1adf,test/unit/org/apache/cassandra/db/SystemKeyspaceTest.java,1.0,3.0,0.0,0.0,0.0,7.0,0.0,1.0,0.0,0.0,0.0,0.0,0.0,,,1.0,7.0,2.0,1.0,1.0,0.0,0.0,0.0,0.0,0.0,0.0,0.0,0.0,0.0,0.0,0.0,0.0,0.0,0.0,0.0,0.0,0.0,0.0,0.0,0.0,0.0,0.0
cassandra,dc32ed80d727ca644d2162fbf0fb316811cd1adf,test/unit/org/apache/cassandra/gms/FailureDetectorTest.java,0.0,0.0,0.0,0.0,0.0,1.0,0.0,0.0,0.0,0.0,0.0,0.0,0.0,,,0.0,0.0,0.0,0.0,0.0,0.0,0.0,0.0,0.0,0.0,0.0,0.0,0.0,0.0,0.0,0.0,0.0,0.0,0.0,0.0,0.0,0.0,0.0,0.0,0.0,0.0,0.0
cassandra,dc32ed80d727ca644d2162fbf0fb316811cd1adf,test/unit/org/apache/cassandra/service/LeaveAndBootstrapTest.java,7.0,2.0,0.0,0.0,0.0,8.0,0.0,0.0,0.0,0.0,0.0,0.0,1.0,,,6.0,1.0,0.0,0.0,5.0,0.0,0.0,0.0,0.0,0.0,0.0,0.0,0.0,0.0,0.0,0.0,0.0,0.0,0.0,0.0,0.0,0.0,0.0,0.0,0.0,0.0,0.0
cassandra,3d4a7e7b61c7eb2c8736fce2bde47c14564d5982,test/unit/org/apache/cassandra/db/ReadCommandTest.java,4.0,1.0,0.0,0.0,0.0,4.0,0.0,0.0,0.0,0.0,1.0,0.0,0.0,,,0.0,0.0,0.0,0.0,4.0,0.0,0.0,0.0,0.0,0.0,0.0,0.0,0.0,0.0,0.0,0.0,0.0,0.0,0.0,0.0,0.0,0.0,0.0,0.0,0.0,0.0,0.0
cassandra,3d4a7e7b61c7eb2c8736fce2bde47c14564d5982,test/unit/org/apache/cassandra/locator/EC2SnitchTest.java,3.0,0.0,0.0,0.0,0.0,3.0,0.0,0.0,0.0,0.0,0.0,0.0,0.0,,,1.0,0.0,0.0,0.0,0.0,0.0,-1.0,0.0,0.0,0.0,0.0,-1.0,0.0,0.0,0.0,0.0,0.0,0.0,0.0,0.0,0.0,-1.0,0.0,0.0,0.0,0.0,0.0
cassandra,3d4a7e7b61c7eb2c8736fce2bde47c14564d5982,test/unit/org/apache/cassandra/net/MessagingServiceTest.java,10.0,1.0,0.0,0.0,0.0,11.0,0.0,0.0,0.0,0.0,1.0,0.0,0.0,,,6.0,0.0,0.0,0.0,3.0,0.0,1.0,1.0,0.0,0.0,0.0,2.0,0.0,0.0,0.0,0.0,0.0,0.0,0.0,0.0,0.0,2.0,0.0,0.0,0.0,1.0,0.0
cassandra,3d4a7e7b61c7eb2c8736fce2bde47c14564d5982,test/unit/org/apache/cassandra/repair/messages/RepairMessageSerializationsTest.java,0.0,0.0,0.0,0.0,0.0,8.0,0.0,0.0,0.0,0.0,0.0,0.0,0.0,,,0.0,5.0,0.0,0.0,0.0,0.0,0.0,0.0,0.0,0.0,0.0,0.0,0.0,0.0,0.0,0.0,0.0,0.0,0.0,0.0,0.0,0.0,0.0,0.0,0.0,0.0,0.0
cassandra,3d4a7e7b61c7eb2c8736fce2bde47c14564d5982,test/unit/org/apache/cassandra/security/SSLFactoryTest.java,1.0,0.0,0.0,0.0,0.0,1.0,0.0,0.0,0.0,0.0,0.0,0.0,0.0,,,0.0,0.0,0.0,0.0,0.0,0.0,2.0,1.0,0.0,0.0,0.0,7.0,1.0,0.0,0.0,0.0,0.0,0.0,0.0,0.0,0.0,0.0,0.0,0.0,0.0,0.0,0.0
cassandra,3d4a7e7b61c7eb2c8736fce2bde47c14564d5982,test/unit/org/apache/cassandra/streaming/StreamingTransferTest.java,1.0,0.0,0.0,0.0,0.0,5.0,0.0,0.0,0.0,0.0,0.0,0.0,0.0,,,0.0,4.0,0.0,0.0,1.0,0.0,0.0,0.0,0.0,0.0,0.0,0.0,0.0,0.0,0.0,0.0,0.0,0.0,0.0,0.0,0.0,0.0,0.0,1.0,0.0,0.0,0.0
cassandra,3d4a7e7b61c7eb2c8736fce2bde47c14564d5982,test/unit/org/apache/cassandra/utils/CoalescingStrategiesTest.java,5.0,2.0,0.0,0.0,0.0,6.0,1.0,0.0,0.0,0.0,0.0,0.0,0.0,,,4.0,0.0,0.0,0.0,5.0,0.0,-3.0,2.0,0.0,0.0,0.0,-6.0,-1.0,0.0,0.0,0.0,0.0,0.0,0.0,0.0,0.0,-4.0,0.0,0.0,0.0,-4.0,0.0
cassandra,356dc3c253224751cbf80b32cfce4e3c1640de11,test/long/org/apache/cassandra/streaming/LongStreamingTest.java,0.0,1.0,0.0,0.0,0.0,1.0,0.0,1.0,0.0,0.0,0.0,0.0,0.0,,,0.0,0.0,0.0,1.0,1.0,0.0,0.0,-1.0,0.0,0.0,0.0,1.0,0.0,-1.0,0.0,0.0,0.0,0.0,0.0,0.0,0.0,0.0,2.0,1.0,-1.0,-1.0,0.0
cassandra,356dc3c253224751cbf80b32cfce4e3c1640de11,test/unit/org/apache/cassandra/cql3/PreparedStatementsTest.java,2.0,0.0,0.0,0.0,0.0,1.0,0.0,0.0,0.0,0.0,0.0,0.0,0.0,,,1.0,1.0,0.0,0.0,2.0,0.0,0.0,0.0,0.0,0.0,0.0,0.0,0.0,0.0,0.0,0.0,0.0,0.0,0.0,0.0,0.0,0.0,0.0,0.0,0.0,0.0,0.0
cassandra,356dc3c253224751cbf80b32cfce4e3c1640de11,test/unit/org/apache/cassandra/io/util/RewindableDataInputStreamPlusTest.java,7.0,5.0,0.0,0.0,0.0,8.0,0.0,0.0,0.0,0.0,0.0,0.0,0.0,,,6.0,1.0,1.0,1.0,6.0,0.0,0.0,0.0,0.0,0.0,0.0,0.0,0.0,0.0,0.0,0.0,0.0,0.0,0.0,0.0,0.0,0.0,0.0,0.0,0.0,0.0,0.0
cassandra,356dc3c253224751cbf80b32cfce4e3c1640de11,test/unit/org/apache/cassandra/net/async/HandshakeHandlersTest.java,1.0,1.0,0.0,0.0,0.0,2.0,0.0,0.0,0.0,0.0,0.0,0.0,0.0,,,1.0,2.0,0.0,0.0,1.0,0.0,0.0,0.0,0.0,0.0,0.0,0.0,0.0,0.0,0.0,0.0,0.0,0.0,0.0,0.0,0.0,0.0,0.0,0.0,0.0,0.0,0.0
cassandra,356dc3c253224751cbf80b32cfce4e3c1640de11,test/unit/org/apache/cassandra/net/async/InboundHandshakeHandlerTest.java,16.0,1.0,0.0,0.0,0.0,8.0,0.0,0.0,0.0,0.0,0.0,0.0,0.0,,,2.0,0.0,0.0,0.0,0.0,0.0,0.0,0.0,0.0,0.0,0.0,0.0,0.0,0.0,0.0,0.0,0.0,0.0,0.0,0.0,0.0,0.0,0.0,0.0,0.0,0.0,0.0
cassandra,356dc3c253224751cbf80b32cfce4e3c1640de11,test/unit/org/apache/cassandra/net/async/OutboundMessagingConnectionTest.java,20.0,3.0,0.0,0.0,0.0,0.0,30.0,0.0,0.0,0.0,0.0,0.0,0.0,,,3.0,2.0,0.0,0.0,5.0,0.0,0.0,0.0,0.0,0.0,0.0,0.0,0.0,0.0,0.0,0.0,0.0,0.0,0.0,0.0,0.0,0.0,0.0,0.0,0.0,0.0,0.0
cassandra,356dc3c253224751cbf80b32cfce4e3c1640de11,test/unit/org/apache/cassandra/service/RemoveTest.java,1.0,1.0,0.0,0.0,0.0,1.0,3.0,0.0,0.0,0.0,0.0,0.0,1.0,,,0.0,0.0,0.0,0.0,1.0,0.0,0.0,0.0,0.0,0.0,0.0,0.0,0.0,0.0,0.0,0.0,0.0,0.0,0.0,0.0,0.0,0.0,0.0,0.0,0.0,0.0,0.0
cassandra,356dc3c253224751cbf80b32cfce4e3c1640de11,test/unit/org/apache/cassandra/streaming/StreamTransferTaskTest.java,2.0,2.0,0.0,0.0,0.0,2.0,0.0,0.0,0.0,1.0,0.0,0.0,0.0,,,0.0,0.0,0.0,0.0,2.0,0.0,0.0,0.0,0.0,0.0,0.0,0.0,0.0,0.0,0.0,0.0,0.0,0.0,0.0,0.0,0.0,0.0,0.0,0.0,0.0,0.0,0.0
cassandra,356dc3c253224751cbf80b32cfce4e3c1640de11,test/unit/org/apache/cassandra/streaming/StreamingTransferTest.java,1.0,0.0,0.0,0.0,0.0,5.0,0.0,0.0,0.0,0.0,0.0,0.0,0.0,,,0.0,4.0,1.0,0.0,1.0,0.0,0.0,0.0,0.0,0.0,0.0,0.0,0.0,0.0,0.0,0.0,0.0,0.0,0.0,0.0,0.0,0.0,0.0,-1.0,0.0,0.0,0.0
cassandra,356dc3c253224751cbf80b32cfce4e3c1640de11,test/unit/org/apache/cassandra/streaming/compression/CompressedInputStreamTest.java,0.0,0.0,0.0,0.0,0.0,6.0,0.0,0.0,0.0,0.0,0.0,0.0,0.0,,,0.0,1.0,2.0,0.0,0.0,0.0,0.0,0.0,0.0,0.0,0.0,0.0,0.0,0.0,0.0,0.0,0.0,0.0,0.0,0.0,0.0,0.0,0.0,0.0,0.0,0.0,0.0
cassandra,fc92db2b9b56c143516026ba29cecdec37e286bb,test/unit/org/apache/cassandra/config/DatabaseDescriptorTest.java,4.0,2.0,0.0,0.0,0.0,5.0,0.0,0.0,0.0,0.0,0.0,0.0,0.0,,,0.0,2.0,0.0,0.0,1.0,0.0,1.0,0.0,0.0,0.0,0.0,1.0,0.0,0.0,0.0,0.0,0.0,0.0,0.0,0.0,0.0,0.0,0.0,0.0,0.0,0.0,0.0
cassandra,6a1b1f26b7174e8c9bf86a96514ab626ce2a4117,test/unit/org/apache/cassandra/service/DataResolverTest.java,9.0,1.0,0.0,0.0,0.0,7.0,3.0,0.0,0.0,0.0,0.0,0.0,0.0,,,1.0,4.0,0.0,0.0,7.0,0.0,1.0,-1.0,0.0,0.0,0.0,-1.0,0.0,0.0,0.0,0.0,0.0,0.0,0.0,0.0,0.0,0.0,0.0,1.0,0.0,2.0,0.0
cassandra,1a2ad2ee047a9ed2c5112376585323b27ebfb7b0,test/unit/org/apache/cassandra/cql3/validation/entities/UserTypesTest.java,0.0,3.0,0.0,0.0,0.0,19.0,0.0,0.0,0.0,0.0,0.0,0.0,0.0,,,0.0,3.0,0.0,0.0,0.0,0.0,0.0,0.0,0.0,0.0,0.0,4.0,0.0,0.0,0.0,0.0,0.0,0.0,0.0,0.0,0.0,0.0,0.0,0.0,0.0,0.0,0.0
cassandra,4838e81a64eb118d0f86463b61b43c450a199dc8,test/unit/org/apache/cassandra/db/commitlog/CommitLogSegmentManagerCDCTest.java,1.0,3.0,0.0,0.0,0.0,3.0,0.0,2.0,0.0,0.0,0.0,0.0,0.0,,,1.0,0.0,0.0,4.0,1.0,0.0,0.0,1.0,0.0,0.0,0.0,4.0,0.0,5.0,0.0,0.0,1.0,0.0,0.0,0.0,0.0,1.0,0.0,0.0,1.0,0.0,0.0
cassandra,95f1b23bf0405ffdee1d4372980b0106d0c83071,test/unit/org/apache/cassandra/db/ScrubTest.java,5.0,5.0,0.0,0.0,0.0,19.0,0.0,1.0,0.0,0.0,0.0,0.0,0.0,,,1.0,9.0,1.0,2.0,5.0,0.0,0.0,0.0,0.0,0.0,0.0,0.0,0.0,0.0,0.0,0.0,0.0,0.0,0.0,0.0,0.0,0.0,0.0,0.0,0.0,0.0,0.0
cassandra,e817c83bc06b7b23aa94c8cd1099103b129801a5,test/unit/org/apache/cassandra/cql3/validation/operations/SelectTest.java,3.0,22.0,0.0,0.0,0.0,62.0,0.0,0.0,0.0,0.0,1.0,0.0,0.0,,,2.0,4.0,0.0,0.0,2.0,0.0,2.0,2.0,0.0,0.0,0.0,0.0,0.0,0.0,0.0,0.0,2.0,0.0,0.0,0.0,0.0,0.0,0.0,0.0,0.0,0.0,0.0
cassandra,d03c046acbcfe3e3a9d8fafa628030cc3fc40f34,test/unit/org/apache/cassandra/db/SecondaryIndexTest.java,4.0,3.0,0.0,0.0,0.0,9.0,0.0,0.0,0.0,0.0,0.0,0.0,2.0,,,1.0,1.0,0.0,0.0,2.0,0.0,0.0,0.0,0.0,0.0,0.0,0.0,0.0,0.0,0.0,0.0,0.0,0.0,0.0,0.0,0.0,0.0,0.0,0.0,0.0,0.0,0.0
cassandra,d03c046acbcfe3e3a9d8fafa628030cc3fc40f34,test/unit/org/apache/cassandra/db/SinglePartitionSliceCommandTest.java,1.0,1.0,0.0,0.0,0.0,3.0,0.0,0.0,0.0,0.0,0.0,0.0,0.0,,,0.0,0.0,0.0,0.0,0.0,0.0,0.0,0.0,0.0,0.0,0.0,0.0,0.0,0.0,0.0,0.0,0.0,0.0,0.0,0.0,0.0,0.0,0.0,0.0,0.0,0.0,0.0
cassandra,d03c046acbcfe3e3a9d8fafa628030cc3fc40f34,test/unit/org/apache/cassandra/io/sstable/SSTableReaderTest.java,3.0,11.0,0.0,0.0,0.0,7.0,0.0,0.0,0.0,0.0,0.0,0.0,0.0,,,1.0,7.0,1.0,0.0,4.0,0.0,0.0,0.0,0.0,0.0,0.0,0.0,0.0,0.0,0.0,0.0,0.0,0.0,0.0,0.0,0.0,0.0,0.0,0.0,0.0,0.0,0.0
cassandra,7f297bcf8aced983cbc9c4103d0ebefc1789f0dd,test/unit/org/apache/cassandra/db/SecondaryIndexTest.java,4.0,3.0,0.0,0.0,0.0,9.0,0.0,0.0,0.0,0.0,0.0,0.0,2.0,,,1.0,1.0,0.0,0.0,2.0,0.0,0.0,0.0,0.0,0.0,0.0,0.0,0.0,0.0,0.0,0.0,0.0,0.0,0.0,0.0,0.0,0.0,0.0,0.0,0.0,0.0,0.0
cassandra,7f297bcf8aced983cbc9c4103d0ebefc1789f0dd,test/unit/org/apache/cassandra/io/sstable/SSTableReaderTest.java,3.0,11.0,0.0,0.0,0.0,7.0,0.0,0.0,0.0,0.0,0.0,0.0,0.0,,,1.0,7.0,1.0,0.0,4.0,0.0,0.0,0.0,0.0,0.0,0.0,0.0,0.0,0.0,0.0,0.0,0.0,0.0,0.0,0.0,0.0,0.0,0.0,0.0,0.0,0.0,0.0
cassandra,4f12c409267eb44cbf596193456c5a67a1775748,test/unit/org/apache/cassandra/cql3/ViewFilteringTest.java,1.0,17.0,0.0,0.0,0.0,22.0,0.0,0.0,0.0,0.0,0.0,0.0,13.0,,,0.0,4.0,0.0,0.0,1.0,0.0,0.0,0.0,0.0,0.0,0.0,0.0,0.0,0.0,0.0,0.0,0.0,0.0,0.0,0.0,0.0,0.0,0.0,0.0,0.0,0.0,0.0
cassandra,4f12c409267eb44cbf596193456c5a67a1775748,test/unit/org/apache/cassandra/cql3/ViewSchemaTest.java,2.0,2.0,0.0,0.0,0.0,6.0,0.0,0.0,0.0,0.0,0.0,1.0,1.0,,,1.0,0.0,0.0,0.0,0.0,0.0,0.0,0.0,0.0,0.0,0.0,1.0,0.0,0.0,0.0,0.0,0.0,0.0,0.0,0.0,0.0,0.0,0.0,0.0,0.0,0.0,0.0
cassandra,0ffce2e938308fde803b93ed2e29d22b3eb5cd54,test/unit/org/apache/cassandra/db/HintedHandOffTest.java,1.0,2.0,0.0,0.0,0.0,3.0,0.0,0.0,0.0,0.0,0.0,0.0,1.0,,,1.0,0.0,0.0,0.0,2.0,0.0,0.0,0.0,0.0,0.0,0.0,0.0,0.0,0.0,0.0,0.0,0.0,0.0,0.0,0.0,0.0,0.0,0.0,0.0,0.0,0.0,0.0
cassandra,37d67306accb2fefed9cfc57856fcca4df93a407,test/unit/org/apache/cassandra/db/compaction/CompactionControllerTest.java,1.0,0.0,0.0,0.0,0.0,0.0,0.0,0.0,0.0,0.0,0.0,0.0,0.0,,,1.0,0.0,0.0,0.0,1.0,0.0,0.0,0.0,0.0,0.0,0.0,0.0,0.0,0.0,0.0,0.0,0.0,0.0,0.0,0.0,0.0,0.0,0.0,0.0,0.0,0.0,0.0
cassandra,37d67306accb2fefed9cfc57856fcca4df93a407,test/unit/org/apache/cassandra/db/compaction/TimeWindowCompactionStrategyTest.java,3.0,2.0,0.0,0.0,0.0,2.0,0.0,0.0,0.0,0.0,0.0,0.0,1.0,,,1.0,0.0,0.0,0.0,2.0,0.0,1.0,1.0,0.0,0.0,0.0,1.0,0.0,0.0,0.0,0.0,0.0,0.0,1.0,0.0,0.0,1.0,0.0,0.0,0.0,1.0,0.0
cassandra,b0eba5f9c64db18840a4b0e4d56a589c5f2e08cd,test/unit/org/apache/cassandra/cql3/ViewFilteringTest.java,0.0,13.0,0.0,0.0,0.0,14.0,0.0,0.0,0.0,0.0,0.0,0.0,12.0,,,0.0,1.0,0.0,0.0,0.0,0.0,0.0,0.0,0.0,0.0,0.0,0.0,0.0,0.0,0.0,0.0,0.0,0.0,0.0,0.0,0.0,0.0,0.0,0.0,0.0,0.0,0.0
cassandra,b0eba5f9c64db18840a4b0e4d56a589c5f2e08cd,test/unit/org/apache/cassandra/cql3/ViewTest.java,8.0,9.0,0.0,0.0,0.0,36.0,0.0,0.0,0.0,1.0,0.0,0.0,4.0,,,3.0,2.0,0.0,0.0,12.0,0.0,0.0,0.0,0.0,0.0,0.0,0.0,0.0,0.0,0.0,0.0,0.0,0.0,0.0,0.0,0.0,0.0,0.0,0.0,0.0,0.0,0.0
cassandra,c1f62390239f792f010feb07b02218062e34cee0,test/unit/org/apache/cassandra/transport/ProtocolErrorTest.java,4.0,1.0,0.0,0.0,0.0,6.0,0.0,0.0,0.0,0.0,0.0,0.0,0.0,,,0.0,1.0,0.0,0.0,2.0,0.0,1.0,0.0,0.0,0.0,0.0,1.0,0.0,0.0,0.0,0.0,0.0,0.0,0.0,0.0,0.0,0.0,0.0,0.0,0.0,0.0,0.0
cassandra,1e80e35396e701bde97594bd49bb730656e02ce8,test/unit/org/apache/cassandra/utils/StreamingHistogramTest.java,3.0,4.0,0.0,0.0,0.0,4.0,0.0,0.0,0.0,0.0,0.0,0.0,0.0,,,1.0,0.0,0.0,0.0,3.0,0.0,0.0,0.0,0.0,0.0,0.0,0.0,0.0,0.0,0.0,0.0,0.0,0.0,0.0,0.0,0.0,0.0,0.0,0.0,0.0,0.0,0.0
cassandra,ef5ac1a4abe4fb5f407c0a24f4bc808932c5d7a2,test/unit/org/apache/cassandra/db/commitlog/CommitLogTest.java,2.0,3.0,0.0,0.0,0.0,26.0,0.0,1.0,0.0,0.0,0.0,0.0,0.0,,,0.0,22.0,6.0,1.0,3.0,0.0,0.0,0.0,0.0,0.0,0.0,1.0,0.0,0.0,0.0,0.0,0.0,0.0,0.0,0.0,0.0,0.0,1.0,0.0,0.0,0.0,0.0
cassandra,0493545dd08d29c34d757bb2f1d90052d03d24c6,test/unit/org/apache/cassandra/utils/MerkleTreeTest.java,8.0,4.0,0.0,0.0,0.0,2.0,10.0,0.0,0.0,0.0,0.0,0.0,0.0,,,6.0,1.0,0.0,0.0,4.0,0.0,1.0,1.0,0.0,0.0,0.0,0.0,1.0,0.0,0.0,0.0,0.0,0.0,0.0,0.0,0.0,0.0,0.0,0.0,0.0,0.0,0.0
cassandra,e8b559ce2f9e92f0a7a91fd60a4dcd6103793b43,test/unit/org/apache/cassandra/net/async/NettyFactoryTest.java,4.0,2.0,0.0,0.0,0.0,3.0,10.0,0.0,0.0,0.0,0.0,0.0,0.0,,,0.0,0.0,0.0,0.0,1.0,0.0,0.0,3.0,0.0,0.0,0.0,0.0,0.0,0.0,0.0,0.0,0.0,0.0,0.0,0.0,0.0,0.0,0.0,0.0,0.0,0.0,0.0
cassandra,bab76eba958241bbfca33e9fc6fe663ce230b034,test/unit/org/apache/cassandra/net/async/RebufferingByteBufDataInputPlusTest.java,2.0,0.0,0.0,0.0,0.0,3.0,3.0,0.0,0.0,0.0,0.0,0.0,0.0,,,0.0,0.0,0.0,0.0,1.0,0.0,0.0,0.0,0.0,0.0,0.0,3.0,1.0,0.0,0.0,0.0,0.0,0.0,0.0,0.0,0.0,0.0,0.0,0.0,0.0,0.0,0.0
cassandra,d34f4795180897a20bc1d21954728ab6a88bfded,test/unit/org/apache/cassandra/io/sstable/IndexSummaryTest.java,6.0,7.0,0.0,0.0,0.0,2.0,0.0,0.0,0.0,1.0,0.0,0.0,0.0,,,2.0,0.0,1.0,0.0,4.0,0.0,2.0,2.0,0.0,0.0,0.0,3.0,0.0,0.0,0.0,0.0,0.0,0.0,0.0,0.0,0.0,0.0,1.0,1.0,0.0,0.0,0.0
cassandra,6c0e6693f44753fde87fdec36c648aa0ff02097c,test/unit/org/apache/cassandra/cql3/validation/miscellaneous/TombstonesTest.java,1.0,5.0,0.0,0.0,0.0,5.0,0.0,0.0,0.0,0.0,0.0,0.0,0.0,,,0.0,0.0,0.0,0.0,0.0,0.0,5.0,1.0,0.0,0.0,0.0,1.0,0.0,0.0,0.0,0.0,0.0,0.0,0.0,0.0,0.0,1.0,0.0,0.0,0.0,0.0,0.0
cassandra,faa27d0fc6966ad1b54a57cd814dc62b8ef3c502,test/unit/org/apache/cassandra/schema/MigrationManagerTest.java,10.0,5.0,0.0,0.0,0.0,10.0,0.0,1.0,0.0,0.0,0.0,0.0,0.0,,,0.0,1.0,0.0,2.0,0.0,0.0,0.0,0.0,0.0,0.0,0.0,3.0,0.0,0.0,0.0,0.0,0.0,0.0,0.0,0.0,0.0,0.0,3.0,0.0,0.0,0.0,0.0
cassandra,ae88fd6c79b066f12ad76c2c1bfc1620d86bdbc5,test/unit/org/apache/cassandra/cql3/validation/operations/BatchTest.java,0.0,2.0,0.0,0.0,0.0,9.0,0.0,0.0,0.0,0.0,0.0,0.0,0.0,,,0.0,1.0,0.0,0.0,0.0,0.0,0.0,0.0,0.0,0.0,0.0,1.0,0.0,0.0,1.0,0.0,0.0,0.0,0.0,0.0,0.0,0.0,0.0,0.0,0.0,0.0,0.0
cassandra,795c1f36ec10ccfdac36e2d33c757856f0ed33c5,test/unit/org/apache/cassandra/cql3/validation/entities/CountersTest.java,0.0,3.0,0.0,0.0,0.0,8.0,0.0,0.0,0.0,0.0,0.0,0.0,0.0,,,0.0,0.0,0.0,0.0,0.0,0.0,0.0,0.0,0.0,0.0,0.0,1.0,0.0,0.0,0.0,0.0,0.0,0.0,0.0,0.0,0.0,0.0,0.0,0.0,0.0,0.0,0.0
cassandra,795c1f36ec10ccfdac36e2d33c757856f0ed33c5,test/unit/org/apache/cassandra/cql3/validation/entities/TimestampTest.java,1.0,1.0,0.0,0.0,0.0,6.0,0.0,0.0,0.0,0.0,0.0,0.0,0.0,,,1.0,1.0,0.0,0.0,1.0,0.0,0.0,0.0,0.0,0.0,0.0,2.0,0.0,0.0,0.0,0.0,0.0,0.0,2.0,0.0,0.0,0.0,0.0,0.0,0.0,0.0,0.0
cassandra,795c1f36ec10ccfdac36e2d33c757856f0ed33c5,test/unit/org/apache/cassandra/cql3/validation/operations/BatchTest.java,0.0,2.0,0.0,0.0,0.0,10.0,0.0,0.0,1.0,0.0,0.0,0.0,0.0,,,0.0,1.0,0.0,0.0,0.0,0.0,0.0,0.0,0.0,0.0,0.0,1.0,0.0,0.0,-1.0,0.0,0.0,0.0,2.0,0.0,0.0,0.0,0.0,0.0,0.0,0.0,0.0
cassandra,a586f6c88dab173663b765261d084ed8410efe81,test/unit/org/apache/cassandra/cql3/validation/entities/TupleTypeTest.java,0.0,2.0,0.0,0.0,0.0,10.0,0.0,0.0,0.0,0.0,0.0,0.0,0.0,,,0.0,0.0,0.0,0.0,0.0,0.0,0.0,0.0,0.0,0.0,0.0,1.0,0.0,0.0,0.0,0.0,0.0,0.0,0.0,0.0,0.0,0.0,0.0,0.0,0.0,0.0,0.0
cassandra,c6cd8246280acde5e2244d8960b2d5c17353424f,test/unit/org/apache/cassandra/db/compaction/CompactionStrategyManagerPendingRepairTest.java,7.0,0.0,0.0,0.0,0.0,0.0,0.0,0.0,0.0,0.0,0.0,0.0,0.0,,,5.0,0.0,0.0,0.0,1.0,0.0,0.0,0.0,0.0,0.0,0.0,0.0,0.0,0.0,0.0,0.0,0.0,0.0,0.0,0.0,0.0,0.0,0.0,0.0,0.0,0.0,0.0
cassandra,c6cd8246280acde5e2244d8960b2d5c17353424f,test/unit/org/apache/cassandra/repair/AbstractRepairTest.java,0.0,0.0,0.0,0.0,0.0,0.0,0.0,0.0,0.0,0.0,0.0,0.0,0.0,,,0.0,0.0,1.0,0.0,0.0,0.0,0.0,0.0,0.0,0.0,0.0,0.0,0.0,0.0,0.0,0.0,0.0,0.0,0.0,0.0,0.0,0.0,0.0,0.0,0.0,0.0,0.0
cassandra,c6cd8246280acde5e2244d8960b2d5c17353424f,test/unit/org/apache/cassandra/repair/consistent/LocalSessionTest.java,21.0,0.0,0.0,0.0,0.0,17.0,0.0,0.0,0.0,0.0,0.0,0.0,0.0,,,7.0,0.0,0.0,0.0,3.0,0.0,0.0,0.0,0.0,0.0,0.0,0.0,0.0,0.0,0.0,0.0,0.0,0.0,0.0,0.0,0.0,0.0,0.0,0.0,0.0,0.0,0.0
cassandra,c6cd8246280acde5e2244d8960b2d5c17353424f,test/unit/org/apache/cassandra/repair/messages/RepairOptionTest.java,3.0,1.0,0.0,0.0,0.0,2.0,0.0,0.0,0.0,0.0,0.0,0.0,0.0,,,2.0,0.0,0.0,0.0,0.0,0.0,0.0,0.0,0.0,0.0,0.0,-1.0,0.0,0.0,0.0,0.0,0.0,0.0,0.0,0.0,0.0,0.0,0.0,0.0,0.0,0.0,0.0
cassandra,c6cd8246280acde5e2244d8960b2d5c17353424f,test/unit/org/apache/cassandra/service/ActiveRepairServiceTest.java,1.0,5.0,0.0,0.0,0.0,8.0,0.0,0.0,0.0,0.0,0.0,0.0,0.0,,,0.0,0.0,0.0,0.0,2.0,0.0,1.0,0.0,0.0,0.0,0.0,1.0,0.0,0.0,0.0,0.0,0.0,0.0,0.0,0.0,0.0,0.0,0.0,0.0,0.0,0.0,0.0
cassandra,a08a816a6a3497046ba75a38d76d5095347dfe95,test/unit/org/apache/cassandra/io/sstable/IndexSummaryTest.java,8.0,9.0,0.0,0.0,0.0,5.0,0.0,0.0,0.0,1.0,0.0,0.0,0.0,,,2.0,1.0,2.0,0.0,4.0,0.0,0.0,0.0,0.0,0.0,0.0,0.0,0.0,0.0,0.0,0.0,0.0,0.0,0.0,0.0,0.0,0.0,0.0,0.0,0.0,0.0,0.0
cassandra,9882cd825ff95c88264c78dfcdc481aad6fc3522,test/unit/org/apache/cassandra/db/commitlog/CommitLogSegmentManagerTest.java,0.0,1.0,0.0,0.0,0.0,1.0,0.0,0.0,0.0,0.0,0.0,0.0,1.0,,,0.0,0.0,0.0,0.0,1.0,0.0,0.0,1.0,0.0,0.0,0.0,1.0,0.0,0.0,0.0,0.0,0.0,0.0,0.0,0.0,0.0,0.0,0.0,0.0,1.0,0.0,0.0
cassandra,587c67e3b999a9320ac26754c0d29155fab31511,test/unit/org/apache/cassandra/cql3/validation/operations/AlterTest.java,2.0,4.0,0.0,0.0,0.0,21.0,0.0,0.0,0.0,0.0,0.0,0.0,0.0,,,1.0,2.0,1.0,0.0,1.0,0.0,0.0,0.0,0.0,0.0,0.0,0.0,0.0,0.0,0.0,0.0,0.0,0.0,0.0,0.0,0.0,0.0,0.0,0.0,0.0,0.0,0.0
cassandra,587c67e3b999a9320ac26754c0d29155fab31511,test/unit/org/apache/cassandra/cql3/validation/operations/CreateTest.java,1.0,1.0,0.0,0.0,0.0,26.0,0.0,0.0,0.0,0.0,0.0,0.0,0.0,,,0.0,2.0,0.0,0.0,0.0,0.0,0.0,0.0,0.0,0.0,0.0,0.0,0.0,0.0,0.0,0.0,0.0,0.0,0.0,0.0,0.0,0.0,0.0,0.0,0.0,0.0,0.0
cassandra,2a93c22a3a315eceae951a86e612fbe8a0a85702,test/unit/org/apache/cassandra/index/sasi/disk/TokenTreeTest.java,3.0,2.0,0.0,0.0,0.0,16.0,0.0,1.0,0.0,0.0,0.0,0.0,0.0,,,0.0,13.0,0.0,1.0,0.0,0.0,0.0,0.0,0.0,0.0,0.0,0.0,0.0,0.0,0.0,0.0,0.0,0.0,0.0,0.0,0.0,0.0,0.0,0.0,0.0,0.0,0.0
cassandra,9ea61305ec30a476f48320c06f56d8d67000bbbe,test/unit/org/apache/cassandra/db/CellTest.java,2.0,1.0,0.0,0.0,0.0,0.0,0.0,0.0,0.0,0.0,0.0,0.0,0.0,,,1.0,0.0,1.0,0.0,1.0,0.0,0.0,0.0,0.0,0.0,0.0,0.0,0.0,0.0,0.0,0.0,0.0,0.0,0.0,0.0,0.0,0.0,0.0,0.0,0.0,0.0,0.0
cassandra,9ea61305ec30a476f48320c06f56d8d67000bbbe,test/unit/org/apache/cassandra/db/rows/RowsTest.java,8.0,0.0,0.0,0.0,0.0,0.0,0.0,0.0,0.0,0.0,0.0,0.0,0.0,,,0.0,0.0,0.0,0.0,2.0,0.0,0.0,0.0,0.0,0.0,0.0,0.0,0.0,0.0,0.0,0.0,0.0,0.0,0.0,0.0,0.0,0.0,0.0,0.0,0.0,0.0,0.0
cassandra,35e32f20ba8cba6cbfb1bee4252c0edd8684cdb1,test/unit/org/apache/cassandra/cql3/ViewTest.java,8.0,9.0,0.0,0.0,0.0,36.0,0.0,0.0,0.0,1.0,0.0,0.0,4.0,,,3.0,2.0,0.0,0.0,12.0,0.0,0.0,1.0,0.0,0.0,0.0,3.0,0.0,0.0,0.0,0.0,0.0,0.0,0.0,0.0,0.0,0.0,2.0,0.0,0.0,0.0,0.0
cassandra,35e32f20ba8cba6cbfb1bee4252c0edd8684cdb1,test/unit/org/apache/cassandra/db/SinglePartitionSliceCommandTest.java,1.0,1.0,0.0,0.0,0.0,3.0,0.0,0.0,0.0,0.0,0.0,0.0,0.0,,,0.0,0.0,0.0,0.0,0.0,0.0,0.0,0.0,0.0,0.0,0.0,0.0,0.0,0.0,0.0,0.0,0.0,0.0,0.0,0.0,0.0,0.0,4.0,1.0,0.0,0.0,0.0
cassandra,2b897d2ded8604c6340aed1fba3f7495ce36439b,test/unit/org/apache/cassandra/triggers/TriggerExecutorTest.java,6.0,1.0,0.0,0.0,0.0,9.0,0.0,0.0,0.0,0.0,0.0,0.0,0.0,,,5.0,0.0,0.0,0.0,5.0,0.0,0.0,0.0,0.0,0.0,0.0,0.0,0.0,0.0,0.0,0.0,0.0,0.0,0.0,0.0,0.0,0.0,0.0,0.0,0.0,1.0,0.0
cassandra,2b897d2ded8604c6340aed1fba3f7495ce36439b,test/unit/org/apache/cassandra/triggers/TriggersTest.java,0.0,0.0,0.0,0.0,0.0,11.0,0.0,0.0,0.0,0.0,0.0,0.0,0.0,,,0.0,0.0,0.0,0.0,0.0,0.0,0.0,0.0,0.0,0.0,0.0,0.0,0.0,0.0,0.0,0.0,0.0,0.0,0.0,0.0,0.0,0.0,0.0,0.0,0.0,0.0,0.0
cassandra,51e6f2446e71c8bd2ce89480b7d30d5b9ed1546e,test/unit/org/apache/cassandra/cql3/ViewComplexTest.java,1.0,5.0,0.0,0.0,0.0,34.0,0.0,0.0,0.0,0.0,0.0,0.0,3.0,,,1.0,26.0,8.0,0.0,1.0,0.0,0.0,0.0,0.0,0.0,0.0,2.0,0.0,0.0,0.0,0.0,0.0,0.0,0.0,0.0,0.0,0.0,2.0,1.0,0.0,0.0,0.0
cassandra,51e6f2446e71c8bd2ce89480b7d30d5b9ed1546e,test/unit/org/apache/cassandra/cql3/ViewTest.java,8.0,10.0,0.0,0.0,0.0,39.0,0.0,0.0,0.0,1.0,0.0,0.0,4.0,,,3.0,4.0,0.0,0.0,12.0,0.0,0.0,0.0,0.0,0.0,0.0,0.0,0.0,0.0,0.0,0.0,0.0,0.0,0.0,0.0,0.0,0.0,0.0,0.0,0.0,0.0,0.0
cassandra,51e6f2446e71c8bd2ce89480b7d30d5b9ed1546e,test/unit/org/apache/cassandra/db/RangeTombstoneTest.java,5.0,9.0,0.0,0.0,0.0,14.0,0.0,0.0,0.0,0.0,1.0,0.0,3.0,,,3.0,1.0,0.0,0.0,7.0,0.0,0.0,0.0,0.0,0.0,0.0,0.0,0.0,0.0,0.0,0.0,0.0,0.0,0.0,0.0,0.0,0.0,0.0,0.0,0.0,0.0,0.0
cassandra,51e6f2446e71c8bd2ce89480b7d30d5b9ed1546e,test/unit/org/apache/cassandra/db/compaction/CompactionsPurgeTest.java,4.0,9.0,0.0,0.0,0.0,3.0,0.0,0.0,0.0,0.0,0.0,0.0,0.0,,,1.0,0.0,0.0,0.0,9.0,0.0,0.0,0.0,0.0,0.0,0.0,0.0,0.0,0.0,0.0,0.0,0.0,0.0,0.0,0.0,0.0,0.0,0.0,0.0,0.0,0.0,0.0
cassandra,69e6e0ef5ef44519dbe07a51fd47f7293cb5bc79,test/unit/org/apache/cassandra/cql3/ViewTest.java,8.0,10.0,0.0,0.0,0.0,39.0,0.0,0.0,0.0,1.0,0.0,0.0,4.0,,,3.0,4.0,0.0,0.0,12.0,0.0,1.0,0.0,0.0,0.0,0.0,1.0,0.0,0.0,0.0,0.0,0.0,0.0,0.0,0.0,0.0,0.0,0.0,0.0,0.0,0.0,0.0
cassandra,69e6e0ef5ef44519dbe07a51fd47f7293cb5bc79,test/unit/org/apache/cassandra/db/ColumnFamilyStoreCQLHelperTest.java,5.0,1.0,0.0,0.0,0.0,10.0,0.0,0.0,0.0,0.0,0.0,0.0,0.0,,,1.0,0.0,0.0,0.0,1.0,0.0,0.0,0.0,0.0,0.0,0.0,0.0,0.0,0.0,0.0,0.0,0.0,0.0,0.0,0.0,0.0,0.0,0.0,0.0,0.0,0.0,0.0
cassandra,69e6e0ef5ef44519dbe07a51fd47f7293cb5bc79,test/unit/org/apache/cassandra/schema/LegacySchemaMigratorTest.java,2.0,1.0,0.0,0.0,0.0,2.0,0.0,0.0,0.0,1.0,0.0,0.0,0.0,,,0.0,0.0,0.0,0.0,1.0,0.0,0.0,0.0,0.0,0.0,0.0,0.0,0.0,0.0,0.0,0.0,0.0,0.0,0.0,0.0,0.0,0.0,0.0,0.0,0.0,0.0,0.0
cassandra,8ef71f3f29fb040cce18ba158ff5f289b388c30b,test/unit/org/apache/cassandra/service/PaxosStateTest.java,0.0,0.0,0.0,0.0,0.0,1.0,0.0,0.0,0.0,0.0,0.0,0.0,0.0,,,0.0,0.0,0.0,0.0,0.0,0.0,0.0,0.0,0.0,0.0,0.0,1.0,0.0,0.0,0.0,0.0,0.0,0.0,0.0,0.0,0.0,0.0,0.0,0.0,0.0,0.0,0.0
cassandra,ab0adf9f9bc72074a02025bdecd9479f790d6463,test/unit/org/apache/cassandra/db/commitlog/CommitLogTest.java,2.0,3.0,0.0,0.0,0.0,27.0,0.0,1.0,0.0,0.0,0.0,0.0,0.0,,,0.0,23.0,6.0,1.0,3.0,0.0,0.0,0.0,0.0,0.0,0.0,1.0,0.0,1.0,0.0,0.0,0.0,0.0,0.0,0.0,0.0,0.0,1.0,0.0,1.0,0.0,0.0
cassandra,15cee48bbabdd75a58df32940d1143c9056e6792,test/unit/org/apache/cassandra/db/lifecycle/HelpersTest.java,4.0,2.0,0.0,0.0,0.0,1.0,0.0,0.0,0.0,0.0,0.0,0.0,0.0,,,1.0,3.0,0.0,0.0,2.0,0.0,1.0,1.0,0.0,0.0,0.0,1.0,0.0,1.0,0.0,0.0,0.0,0.0,0.0,0.0,0.0,0.0,2.0,0.0,1.0,0.0,0.0
cassandra,b32a9e6452c78e6ad08e371314bf1ab7492d0773,test/unit/org/apache/cassandra/db/VerifyTest.java,0.0,1.0,0.0,0.0,0.0,10.0,0.0,0.0,0.0,0.0,0.0,0.0,0.0,,,0.0,0.0,0.0,0.0,0.0,0.0,0.0,0.0,0.0,0.0,0.0,1.0,0.0,0.0,0.0,0.0,0.0,0.0,0.0,0.0,0.0,0.0,0.0,0.0,0.0,0.0,0.0
cassandra,d080a73723d9aa402507c1ae04eef92ff6d44948,test/unit/org/apache/cassandra/metrics/CassandraMetricsRegistryTest.java,2.0,1.0,0.0,0.0,0.0,0.0,0.0,0.0,0.0,0.0,0.0,0.0,0.0,,,0.0,0.0,0.0,0.0,0.0,0.0,2.0,0.0,0.0,0.0,0.0,0.0,0.0,0.0,0.0,0.0,0.0,0.0,0.0,0.0,0.0,0.0,0.0,0.0,0.0,0.0,0.0
cassandra,c9c792d54136b3a5728304c9f09aabdd31cf6371,test/unit/org/apache/cassandra/io/sstable/LegacySSTableTest.java,0.0,1.0,0.0,0.0,0.0,3.0,0.0,0.0,0.0,0.0,0.0,0.0,0.0,,,0.0,3.0,1.0,0.0,0.0,0.0,0.0,1.0,0.0,0.0,0.0,1.0,0.0,0.0,0.0,0.0,0.0,0.0,0.0,0.0,0.0,0.0,1.0,0.0,0.0,0.0,0.0
cassandra,d46c1f3eaa0fe9b6662eb4063f9118ad57b3029e,test/unit/org/apache/cassandra/cql3/GcCompactionTest.java,3.0,3.0,0.0,0.0,0.0,7.0,0.0,0.0,0.0,0.0,0.0,0.0,1.0,,,3.0,3.0,0.0,0.0,3.0,0.0,0.0,0.0,0.0,0.0,0.0,0.0,0.0,0.0,0.0,0.0,0.0,0.0,0.0,0.0,0.0,0.0,0.0,0.0,0.0,0.0,0.0
cassandra,df147cc09a9697992923505b6918fbcf50c0f94a,test/unit/org/apache/cassandra/cql3/PreparedStatementsTest.java,2.0,0.0,0.0,0.0,0.0,1.0,0.0,0.0,0.0,0.0,0.0,0.0,0.0,,,1.0,1.0,0.0,0.0,2.0,0.0,0.0,0.0,0.0,0.0,0.0,2.0,0.0,0.0,0.0,0.0,0.0,0.0,0.0,0.0,0.0,0.0,6.0,4.0,0.0,0.0,0.0
cassandra,df147cc09a9697992923505b6918fbcf50c0f94a,test/unit/org/apache/cassandra/cql3/PstmtPersistenceTest.java,1.0,2.0,0.0,0.0,0.0,2.0,0.0,0.0,0.0,0.0,0.0,0.0,0.0,,,1.0,0.0,0.0,0.0,2.0,0.0,0.0,0.0,0.0,0.0,0.0,0.0,0.0,0.0,0.0,0.0,0.0,0.0,0.0,0.0,0.0,0.0,0.0,0.0,0.0,0.0,0.0
cassandra,df147cc09a9697992923505b6918fbcf50c0f94a,test/unit/org/apache/cassandra/cql3/validation/entities/JsonTest.java,0.0,7.0,0.0,0.0,0.0,16.0,0.0,0.0,1.0,0.0,0.0,1.0,0.0,,,0.0,0.0,0.0,0.0,0.0,0.0,0.0,0.0,0.0,0.0,0.0,0.0,0.0,0.0,0.0,0.0,0.0,0.0,0.0,0.0,0.0,0.0,0.0,0.0,0.0,0.0,0.0
cassandra,df147cc09a9697992923505b6918fbcf50c0f94a,test/unit/org/apache/cassandra/cql3/validation/operations/SelectLimitTest.java,0.0,8.0,0.0,0.0,0.0,11.0,0.0,0.0,0.0,0.0,0.0,0.0,0.0,,,0.0,2.0,0.0,0.0,0.0,0.0,0.0,0.0,0.0,0.0,0.0,0.0,0.0,0.0,0.0,0.0,0.0,0.0,0.0,0.0,0.0,0.0,0.0,0.0,0.0,0.0,0.0
cassandra,df147cc09a9697992923505b6918fbcf50c0f94a,test/unit/org/apache/cassandra/transport/MessagePayloadTest.java,1.0,0.0,0.0,0.0,0.0,3.0,0.0,0.0,0.0,0.0,0.0,0.0,0.0,,,1.0,0.0,0.0,0.0,0.0,0.0,0.0,0.0,0.0,0.0,0.0,0.0,0.0,0.0,0.0,0.0,0.0,0.0,0.0,0.0,0.0,0.0,0.0,0.0,0.0,0.0,0.0
cassandra,7f989edd26987f15e0d8b05503a812dcd74bfe57,test/unit/org/apache/cassandra/io/sstable/metadata/MetadataSerializerTest.java,2.0,2.0,0.0,0.0,0.0,6.0,0.0,2.0,0.0,0.0,0.0,0.0,0.0,,,0.0,4.0,0.0,2.0,0.0,0.0,0.0,0.0,0.0,0.0,0.0,3.0,0.0,0.0,0.0,0.0,0.0,0.0,0.0,0.0,0.0,0.0,3.0,0.0,0.0,0.0,0.0
cassandra,0b50887989a6c17e90f1f749206172cecd89c2d0,test/unit/org/apache/cassandra/cql3/functions/OperationFctsTest.java,0.0,0.0,0.0,0.0,0.0,9.0,0.0,0.0,0.0,0.0,0.0,0.0,0.0,,,0.0,0.0,0.0,0.0,0.0,0.0,0.0,0.0,0.0,0.0,0.0,0.0,0.0,0.0,0.0,0.0,0.0,0.0,0.0,0.0,0.0,0.0,0.0,0.0,0.0,0.0,0.0
cassandra,0b50887989a6c17e90f1f749206172cecd89c2d0,test/unit/org/apache/cassandra/cql3/validation/operations/InsertUpdateIfConditionTest.java,1.0,23.0,0.0,0.0,0.0,42.0,0.0,0.0,0.0,0.0,0.0,0.0,2.0,,,0.0,7.0,0.0,0.0,1.0,0.0,0.0,0.0,0.0,0.0,0.0,0.0,0.0,0.0,0.0,0.0,0.0,0.0,0.0,0.0,0.0,0.0,0.0,0.0,0.0,0.0,0.0
cassandra,bbda20155ae0f3443cbb5fee0659234e81b2e914,test/unit/org/apache/cassandra/io/util/DiskOptimizationStrategyTest.java,3.0,0.0,0.0,0.0,0.0,0.0,0.0,0.0,0.0,0.0,0.0,0.0,0.0,,,0.0,0.0,0.0,0.0,3.0,0.0,2.0,2.0,0.0,0.0,0.0,0.0,0.0,0.0,0.0,0.0,0.0,0.0,0.0,0.0,0.0,0.0,0.0,0.0,0.0,2.0,0.0
cassandra,ec7d5f9da63b60475e9ed76987d632bd7410ed11,test/unit/org/apache/cassandra/cache/CacheProviderTest.java,1.0,0.0,0.0,0.0,0.0,1.0,0.0,0.0,0.0,0.0,0.0,0.0,0.0,,,1.0,1.0,0.0,0.0,0.0,0.0,0.0,0.0,0.0,0.0,0.0,0.0,0.0,0.0,0.0,0.0,0.0,0.0,0.0,0.0,0.0,0.0,0.0,0.0,0.0,0.0,0.0
cassandra,ec7d5f9da63b60475e9ed76987d632bd7410ed11,test/unit/org/apache/cassandra/db/CounterCellTest.java,3.0,0.0,0.0,0.0,0.0,1.0,0.0,0.0,0.0,0.0,0.0,0.0,0.0,,,2.0,1.0,0.0,0.0,2.0,0.0,0.0,0.0,0.0,0.0,0.0,0.0,0.0,0.0,0.0,0.0,0.0,0.0,0.0,0.0,0.0,0.0,-1.0,0.0,0.0,0.0,0.0
cassandra,ec7d5f9da63b60475e9ed76987d632bd7410ed11,test/unit/org/apache/cassandra/db/PartitionTest.java,2.0,3.0,0.0,0.0,0.0,4.0,0.0,0.0,0.0,0.0,0.0,0.0,0.0,,,1.0,2.0,0.0,0.0,0.0,0.0,0.0,0.0,0.0,0.0,0.0,0.0,0.0,0.0,0.0,0.0,0.0,0.0,0.0,0.0,0.0,0.0,0.0,0.0,0.0,0.0,0.0
cassandra,3fe31ffddb6a57e0ff89a813f724cd74133052db,test/unit/org/apache/cassandra/auth/jmx/AuthorizationProxyTest.java,3.0,1.0,0.0,0.0,0.0,20.0,0.0,0.0,0.0,0.0,0.0,0.0,0.0,,,0.0,2.0,1.0,0.0,0.0,0.0,0.0,0.0,0.0,0.0,0.0,0.0,0.0,0.0,0.0,0.0,0.0,0.0,0.0,0.0,0.0,0.0,0.0,0.0,0.0,0.0,0.0
cassandra,3fe31ffddb6a57e0ff89a813f724cd74133052db,test/unit/org/apache/cassandra/db/compaction/CompactionControllerTest.java,1.0,0.0,0.0,0.0,0.0,0.0,0.0,0.0,0.0,0.0,0.0,0.0,0.0,,,1.0,0.0,0.0,0.0,1.0,0.0,0.0,0.0,0.0,0.0,0.0,0.0,0.0,0.0,0.0,0.0,0.0,0.0,0.0,0.0,0.0,0.0,0.0,0.0,0.0,0.0,0.0
cassandra,3fe31ffddb6a57e0ff89a813f724cd74133052db,test/unit/org/apache/cassandra/db/rows/UnfilteredRowIteratorsMergeTest.java,0.0,2.0,0.0,0.0,0.0,0.0,0.0,0.0,2.0,0.0,0.0,0.0,0.0,,,0.0,7.0,0.0,0.0,0.0,0.0,0.0,0.0,0.0,0.0,0.0,0.0,0.0,0.0,0.0,0.0,0.0,0.0,0.0,0.0,0.0,0.0,0.0,0.0,0.0,0.0,0.0
cassandra,3fe31ffddb6a57e0ff89a813f724cd74133052db,test/unit/org/apache/cassandra/service/NativeTransportServiceTest.java,5.0,0.0,0.0,0.0,0.0,0.0,0.0,0.0,0.0,0.0,0.0,0.0,0.0,,,0.0,5.0,0.0,0.0,4.0,0.0,0.0,0.0,0.0,0.0,0.0,0.0,0.0,0.0,0.0,0.0,0.0,0.0,0.0,0.0,0.0,0.0,0.0,0.0,0.0,0.0,0.0
cassandra,87962dcf364944f656b5212b8418432fbd1c4b95,test/unit/org/apache/cassandra/net/MessagingServiceTest.java,11.0,2.0,0.0,0.0,0.0,13.0,0.0,0.0,0.0,0.0,1.0,0.0,0.0,,,8.0,0.0,0.0,0.0,4.0,0.0,0.0,0.0,0.0,0.0,0.0,0.0,0.0,0.0,0.0,0.0,0.0,0.0,0.0,0.0,0.0,0.0,8.0,0.0,0.0,0.0,0.0
cassandra,87962dcf364944f656b5212b8418432fbd1c4b95,test/unit/org/apache/cassandra/net/async/NettyFactoryTest.java,4.0,5.0,0.0,0.0,0.0,3.0,10.0,0.0,0.0,0.0,0.0,0.0,0.0,,,0.0,0.0,0.0,0.0,1.0,0.0,2.0,0.0,0.0,0.0,0.0,1.0,0.0,0.0,0.0,0.0,0.0,0.0,0.0,0.0,0.0,2.0,0.0,0.0,0.0,0.0,0.0
cassandra,87962dcf364944f656b5212b8418432fbd1c4b95,test/unit/org/apache/cassandra/net/async/OutboundMessagingConnectionTest.java,20.0,3.0,0.0,0.0,0.0,0.0,30.0,0.0,0.0,0.0,0.0,0.0,0.0,,,3.0,2.0,0.0,0.0,5.0,0.0,3.0,0.0,0.0,0.0,0.0,0.0,3.0,0.0,0.0,0.0,0.0,0.0,0.0,0.0,0.0,0.0,0.0,0.0,0.0,0.0,0.0
cassandra,87962dcf364944f656b5212b8418432fbd1c4b95,test/unit/org/apache/cassandra/service/ProtocolBetaVersionTest.java,2.0,2.0,0.0,0.0,0.0,2.0,0.0,0.0,0.0,0.0,0.0,0.0,0.0,,,0.0,0.0,0.0,0.0,1.0,0.0,0.0,0.0,0.0,0.0,0.0,0.0,0.0,0.0,0.0,0.0,0.0,0.0,0.0,0.0,0.0,0.0,0.0,0.0,0.0,0.0,0.0
cassandra,87962dcf364944f656b5212b8418432fbd1c4b95,test/unit/org/apache/cassandra/transport/MessagePayloadTest.java,1.0,0.0,0.0,0.0,0.0,3.0,0.0,0.0,0.0,0.0,0.0,0.0,0.0,,,1.0,0.0,0.0,0.0,0.0,0.0,0.0,0.0,0.0,0.0,0.0,0.0,0.0,0.0,0.0,0.0,0.0,0.0,0.0,0.0,0.0,0.0,0.0,0.0,0.0,0.0,0.0
cassandra,b8697441d7a051e7ff68def6aa9cf14bd92ace9e,test/unit/org/apache/cassandra/cql3/ViewTest.java,9.0,10.0,0.0,0.0,0.0,40.0,0.0,0.0,0.0,1.0,0.0,0.0,4.0,,,3.0,4.0,0.0,0.0,12.0,0.0,0.0,0.0,0.0,0.0,0.0,2.0,0.0,0.0,0.0,0.0,0.0,0.0,0.0,0.0,0.0,0.0,0.0,0.0,0.0,0.0,0.0
cassandra,b8697441d7a051e7ff68def6aa9cf14bd92ace9e,test/unit/org/apache/cassandra/cql3/validation/entities/UFTest.java,5.0,1.0,0.0,0.0,0.0,23.0,0.0,0.0,0.0,0.0,1.0,0.0,0.0,,,3.0,3.0,0.0,0.0,4.0,0.0,0.0,0.0,0.0,0.0,0.0,2.0,0.0,0.0,0.0,0.0,0.0,0.0,0.0,0.0,0.0,0.0,0.0,0.0,0.0,0.0,0.0
cassandra,b8697441d7a051e7ff68def6aa9cf14bd92ace9e,test/unit/org/apache/cassandra/cql3/validation/entities/UserTypesTest.java,0.0,3.0,0.0,0.0,0.0,23.0,0.0,0.0,0.0,0.0,0.0,0.0,0.0,,,0.0,3.0,0.0,0.0,0.0,0.0,0.0,0.0,0.0,0.0,0.0,3.0,0.0,0.0,0.0,0.0,0.0,0.0,0.0,0.0,0.0,0.0,0.0,0.0,0.0,0.0,0.0
cassandra,b8697441d7a051e7ff68def6aa9cf14bd92ace9e,test/unit/org/apache/cassandra/cql3/validation/operations/AlterTest.java,2.0,4.0,0.0,0.0,0.0,18.0,0.0,0.0,0.0,0.0,0.0,0.0,0.0,,,1.0,2.0,1.0,0.0,1.0,0.0,0.0,0.0,0.0,0.0,0.0,1.0,0.0,0.0,0.0,0.0,0.0,0.0,0.0,0.0,0.0,0.0,-1.0,0.0,0.0,0.0,0.0
cassandra,38bd20e0510048c3c93781afd05efdf31594c115,test/unit/org/apache/cassandra/cql3/SimpleQueryTest.java,0.0,4.0,0.0,0.0,0.0,19.0,0.0,0.0,0.0,1.0,0.0,0.0,0.0,,,0.0,0.0,0.0,0.0,0.0,0.0,0.0,0.0,0.0,0.0,0.0,-2.0,0.0,0.0,0.0,0.0,0.0,0.0,0.0,0.0,0.0,0.0,0.0,0.0,0.0,0.0,0.0
cassandra,38bd20e0510048c3c93781afd05efdf31594c115,test/unit/org/apache/cassandra/cql3/validation/entities/CollectionsTest.java,3.0,6.0,0.0,0.0,0.0,50.0,0.0,0.0,1.0,1.0,1.0,0.0,0.0,,,1.0,3.0,0.0,0.0,3.0,0.0,0.0,0.0,0.0,0.0,0.0,-1.0,0.0,0.0,0.0,0.0,0.0,0.0,0.0,0.0,0.0,0.0,0.0,0.0,0.0,0.0,0.0
cassandra,38bd20e0510048c3c93781afd05efdf31594c115,test/unit/org/apache/cassandra/cql3/validation/entities/CountersTest.java,0.0,3.0,0.0,0.0,0.0,9.0,0.0,0.0,0.0,0.0,0.0,0.0,0.0,,,0.0,0.0,0.0,0.0,0.0,0.0,0.0,-2.0,0.0,0.0,0.0,-3.0,0.0,0.0,0.0,0.0,0.0,0.0,0.0,0.0,0.0,0.0,0.0,0.0,0.0,0.0,0.0
cassandra,38bd20e0510048c3c93781afd05efdf31594c115,test/unit/org/apache/cassandra/cql3/validation/entities/FrozenCollectionsTest.java,1.0,3.0,0.0,0.0,0.0,22.0,0.0,0.0,0.0,1.0,1.0,0.0,0.0,,,1.0,0.0,0.0,0.0,0.0,0.0,0.0,-3.0,0.0,0.0,0.0,0.0,0.0,0.0,0.0,0.0,0.0,0.0,0.0,0.0,0.0,0.0,0.0,0.0,0.0,0.0,0.0
cassandra,38bd20e0510048c3c93781afd05efdf31594c115,test/unit/org/apache/cassandra/cql3/validation/entities/SecondaryIndexTest.java,5.0,2.0,0.0,0.0,0.0,51.0,0.0,0.0,0.0,1.0,0.0,0.0,3.0,,,2.0,10.0,1.0,0.0,3.0,0.0,0.0,0.0,0.0,0.0,0.0,-4.0,0.0,0.0,0.0,0.0,0.0,0.0,0.0,0.0,0.0,0.0,-1.0,0.0,0.0,0.0,0.0
cassandra,38bd20e0510048c3c93781afd05efdf31594c115,test/unit/org/apache/cassandra/cql3/validation/miscellaneous/OverflowTest.java,2.0,0.0,0.0,0.0,0.0,15.0,0.0,0.0,0.0,0.0,0.0,0.0,0.0,,,1.0,2.0,0.0,0.0,1.0,0.0,0.0,0.0,0.0,0.0,0.0,-1.0,0.0,0.0,0.0,0.0,0.0,0.0,0.0,0.0,0.0,0.0,0.0,0.0,0.0,0.0,0.0
cassandra,38bd20e0510048c3c93781afd05efdf31594c115,test/unit/org/apache/cassandra/cql3/validation/operations/AggregationTest.java,2.0,7.0,0.0,0.0,0.0,52.0,0.0,0.0,0.0,1.0,0.0,0.0,0.0,,,2.0,2.0,0.0,0.0,1.0,0.0,0.0,0.0,0.0,0.0,0.0,-1.0,0.0,0.0,0.0,0.0,0.0,0.0,0.0,0.0,0.0,0.0,0.0,0.0,0.0,0.0,0.0
cassandra,38bd20e0510048c3c93781afd05efdf31594c115,test/unit/org/apache/cassandra/cql3/validation/operations/BatchTest.java,0.0,2.0,0.0,0.0,0.0,11.0,0.0,0.0,0.0,0.0,0.0,0.0,2.0,,,0.0,1.0,0.0,0.0,0.0,0.0,0.0,-1.0,0.0,0.0,0.0,-1.0,0.0,0.0,0.0,0.0,0.0,0.0,0.0,0.0,0.0,0.0,0.0,0.0,0.0,0.0,0.0
cassandra,38bd20e0510048c3c93781afd05efdf31594c115,test/unit/org/apache/cassandra/cql3/validation/operations/CreateTest.java,1.0,1.0,0.0,0.0,0.0,26.0,0.0,0.0,0.0,0.0,0.0,0.0,0.0,,,0.0,2.0,0.0,0.0,0.0,0.0,0.0,0.0,0.0,0.0,0.0,-5.0,0.0,0.0,0.0,0.0,0.0,0.0,0.0,0.0,0.0,0.0,-1.0,0.0,0.0,0.0,0.0
cassandra,38bd20e0510048c3c93781afd05efdf31594c115,test/unit/org/apache/cassandra/cql3/validation/operations/DeleteTest.java,2.0,10.0,0.0,0.0,0.0,33.0,0.0,0.0,0.0,0.0,0.0,0.0,1.0,,,2.0,11.0,10.0,0.0,0.0,0.0,0.0,-2.0,0.0,0.0,0.0,0.0,0.0,0.0,0.0,0.0,0.0,0.0,0.0,0.0,0.0,0.0,0.0,0.0,0.0,0.0,0.0
cassandra,38bd20e0510048c3c93781afd05efdf31594c115,test/unit/org/apache/cassandra/cql3/validation/operations/InsertTest.java,1.0,0.0,0.0,0.0,0.0,10.0,0.0,0.0,0.0,0.0,0.0,0.0,0.0,,,1.0,5.0,5.0,0.0,1.0,0.0,0.0,0.0,0.0,0.0,0.0,-2.0,0.0,0.0,0.0,0.0,0.0,0.0,0.0,0.0,0.0,0.0,-2.0,-2.0,0.0,0.0,0.0
cassandra,38bd20e0510048c3c93781afd05efdf31594c115,test/unit/org/apache/cassandra/cql3/validation/operations/InsertUpdateIfConditionTest.java,1.0,23.0,0.0,0.0,0.0,42.0,0.0,0.0,0.0,0.0,0.0,0.0,2.0,,,0.0,7.0,0.0,0.0,1.0,0.0,0.0,0.0,0.0,0.0,0.0,-1.0,0.0,0.0,0.0,0.0,0.0,0.0,0.0,0.0,0.0,0.0,0.0,0.0,0.0,0.0,0.0
cassandra,38bd20e0510048c3c93781afd05efdf31594c115,test/unit/org/apache/cassandra/cql3/validation/operations/SelectGroupByTest.java,0.0,6.0,0.0,0.0,0.0,7.0,0.0,0.0,0.0,0.0,0.0,0.0,0.0,,,0.0,0.0,0.0,0.0,0.0,0.0,0.0,-2.0,0.0,0.0,0.0,0.0,0.0,0.0,0.0,0.0,0.0,0.0,0.0,0.0,0.0,0.0,0.0,0.0,0.0,0.0,0.0
cassandra,38bd20e0510048c3c93781afd05efdf31594c115,test/unit/org/apache/cassandra/cql3/validation/operations/SelectLimitTest.java,0.0,8.0,0.0,0.0,0.0,11.0,0.0,0.0,0.0,0.0,0.0,0.0,0.0,,,0.0,2.0,0.0,0.0,0.0,0.0,0.0,-3.0,0.0,0.0,0.0,-5.0,0.0,0.0,0.0,0.0,0.0,0.0,0.0,0.0,0.0,0.0,-2.0,0.0,0.0,0.0,0.0
cassandra,38bd20e0510048c3c93781afd05efdf31594c115,test/unit/org/apache/cassandra/cql3/validation/operations/SelectMultiColumnRelationTest.java,0.0,15.0,0.0,0.0,0.0,21.0,0.0,0.0,0.0,0.0,0.0,0.0,0.0,,,0.0,0.0,0.0,0.0,0.0,0.0,0.0,-14.0,0.0,0.0,0.0,0.0,0.0,0.0,0.0,0.0,0.0,0.0,0.0,0.0,0.0,0.0,0.0,0.0,0.0,0.0,0.0
cassandra,38bd20e0510048c3c93781afd05efdf31594c115,test/unit/org/apache/cassandra/cql3/validation/operations/SelectOrderByTest.java,0.0,7.0,0.0,0.0,0.0,17.0,0.0,0.0,0.0,0.0,0.0,0.0,0.0,,,0.0,0.0,0.0,0.0,0.0,0.0,0.0,-4.0,0.0,0.0,0.0,-2.0,0.0,0.0,0.0,0.0,0.0,0.0,0.0,0.0,0.0,0.0,0.0,0.0,0.0,0.0,0.0
cassandra,38bd20e0510048c3c93781afd05efdf31594c115,test/unit/org/apache/cassandra/cql3/validation/operations/SelectOrderedPartitionerTest.java,1.0,6.0,0.0,0.0,0.0,20.0,0.0,0.0,0.0,0.0,0.0,0.0,0.0,,,0.0,1.0,0.0,0.0,1.0,0.0,0.0,0.0,0.0,0.0,0.0,0.0,0.0,0.0,0.0,0.0,0.0,0.0,0.0,0.0,0.0,0.0,0.0,0.0,0.0,0.0,0.0
cassandra,38bd20e0510048c3c93781afd05efdf31594c115,test/unit/org/apache/cassandra/cql3/validation/operations/SelectSingleColumnRelationTest.java,0.0,3.0,0.0,0.0,0.0,24.0,0.0,0.0,0.0,0.0,0.0,0.0,0.0,,,0.0,2.0,1.0,0.0,0.0,0.0,0.0,-1.0,0.0,0.0,0.0,-1.0,0.0,0.0,0.0,0.0,0.0,0.0,0.0,0.0,0.0,0.0,-2.0,-1.0,0.0,0.0,0.0
cassandra,38bd20e0510048c3c93781afd05efdf31594c115,test/unit/org/apache/cassandra/cql3/validation/operations/SelectTest.java,6.0,31.0,0.0,0.0,0.0,89.0,0.0,0.0,0.0,0.0,3.0,0.0,0.0,,,3.0,6.0,1.0,0.0,3.0,0.0,0.0,-9.0,0.0,0.0,0.0,-15.0,0.0,0.0,0.0,0.0,0.0,0.0,0.0,0.0,0.0,0.0,-2.0,0.0,0.0,0.0,0.0
cassandra,38bd20e0510048c3c93781afd05efdf31594c115,test/unit/org/apache/cassandra/cql3/validation/operations/UpdateTest.java,1.0,1.0,0.0,0.0,0.0,12.0,0.0,0.0,0.0,0.0,0.0,0.0,0.0,,,2.0,5.0,4.0,0.0,1.0,0.0,0.0,-1.0,0.0,0.0,0.0,0.0,0.0,0.0,0.0,0.0,0.0,0.0,0.0,0.0,0.0,0.0,0.0,0.0,0.0,0.0,0.0
cassandra,38bd20e0510048c3c93781afd05efdf31594c115,test/unit/org/apache/cassandra/db/ColumnFamilyStoreCQLHelperTest.java,5.0,1.0,0.0,0.0,0.0,10.0,0.0,0.0,0.0,0.0,0.0,0.0,0.0,,,1.0,0.0,0.0,0.0,1.0,0.0,0.0,0.0,0.0,0.0,0.0,-7.0,0.0,0.0,0.0,0.0,0.0,0.0,0.0,0.0,0.0,0.0,0.0,0.0,0.0,0.0,0.0
cassandra,38bd20e0510048c3c93781afd05efdf31594c115,test/unit/org/apache/cassandra/db/ScrubTest.java,4.0,4.0,0.0,0.0,0.0,18.0,0.0,1.0,0.0,0.0,0.0,0.0,0.0,,,1.0,9.0,1.0,2.0,4.0,0.0,-1.0,0.0,0.0,0.0,0.0,-1.0,0.0,0.0,0.0,0.0,0.0,0.0,0.0,0.0,0.0,0.0,0.0,0.0,0.0,-1.0,0.0
cassandra,38bd20e0510048c3c93781afd05efdf31594c115,test/unit/org/apache/cassandra/db/partition/PartitionUpdateTest.java,2.0,0.0,0.0,0.0,0.0,0.0,0.0,0.0,0.0,0.0,0.0,0.0,0.0,,,0.0,0.0,0.0,0.0,2.0,0.0,-1.0,0.0,0.0,0.0,0.0,0.0,0.0,0.0,0.0,0.0,0.0,0.0,0.0,0.0,0.0,0.0,0.0,0.0,0.0,-1.0,0.0
cassandra,38bd20e0510048c3c93781afd05efdf31594c115,test/unit/org/apache/cassandra/index/SecondaryIndexManagerTest.java,8.0,0.0,0.0,0.0,0.0,16.0,0.0,0.0,0.0,0.0,0.0,0.0,0.0,,,2.0,2.0,0.0,0.0,0.0,0.0,0.0,0.0,0.0,0.0,0.0,0.0,0.0,0.0,0.0,0.0,0.0,0.0,0.0,0.0,0.0,0.0,0.0,0.0,0.0,0.0,0.0
cassandra,38bd20e0510048c3c93781afd05efdf31594c115,test/unit/org/apache/cassandra/index/internal/CassandraIndexTest.java,0.0,0.0,0.0,0.0,0.0,27.0,0.0,0.0,0.0,0.0,0.0,0.0,0.0,,,0.0,19.0,0.0,0.0,0.0,0.0,0.0,0.0,0.0,0.0,0.0,-1.0,0.0,0.0,0.0,0.0,0.0,0.0,0.0,0.0,0.0,0.0,-1.0,0.0,0.0,0.0,0.0
cassandra,38bd20e0510048c3c93781afd05efdf31594c115,test/unit/org/apache/cassandra/io/sstable/LegacySSTableTest.java,0.0,2.0,0.0,0.0,0.0,4.0,0.0,0.0,0.0,0.0,0.0,0.0,0.0,,,0.0,4.0,1.0,0.0,0.0,0.0,0.0,0.0,0.0,0.0,0.0,0.0,0.0,0.0,0.0,0.0,0.0,0.0,0.0,0.0,0.0,0.0,0.0,0.0,0.0,0.0,0.0
cassandra,da410153ed250e03080fd48cd0f57baee481412d,test/unit/org/apache/cassandra/index/SecondaryIndexManagerTest.java,8.0,0.0,0.0,0.0,0.0,16.0,0.0,0.0,0.0,0.0,0.0,0.0,0.0,,,2.0,2.0,0.0,0.0,0.0,0.0,0.0,0.0,0.0,0.0,0.0,0.0,0.0,0.0,0.0,0.0,0.0,0.0,0.0,0.0,0.0,0.0,0.0,0.0,0.0,0.0,0.0
cassandra,5792b667ecf461a40cc391bc1496287547179c91,test/unit/org/apache/cassandra/cql3/PreparedStatementsTest.java,2.0,0.0,0.0,0.0,0.0,3.0,0.0,0.0,0.0,0.0,0.0,0.0,0.0,,,1.0,7.0,4.0,0.0,2.0,0.0,1.0,0.0,0.0,0.0,0.0,1.0,0.0,0.0,0.0,0.0,0.0,0.0,0.0,0.0,0.0,1.0,0.0,0.0,0.0,0.0,0.0
cassandra,7eb915097dc3e34e1bb4ef96e6bd8eb67d574622,test/unit/org/apache/cassandra/index/SecondaryIndexManagerTest.java,8.0,0.0,0.0,0.0,0.0,16.0,0.0,0.0,0.0,0.0,0.0,0.0,0.0,,,2.0,2.0,0.0,0.0,0.0,0.0,0.0,0.0,0.0,0.0,0.0,0.0,0.0,0.0,0.0,0.0,0.0,0.0,0.0,0.0,0.0,0.0,0.0,0.0,0.0,0.0,0.0
cassandra,f81e57e4f6503260f9ba3a36d5d096ed8d97607f,test/unit/org/apache/cassandra/db/compaction/AbstractCompactionStrategyTest.java,1.0,1.0,0.0,0.0,0.0,0.0,0.0,0.0,0.0,0.0,0.0,0.0,0.0,,,0.0,0.0,0.0,0.0,0.0,0.0,0.0,0.0,0.0,0.0,0.0,0.0,0.0,0.0,0.0,0.0,0.0,0.0,0.0,0.0,0.0,0.0,0.0,0.0,0.0,0.0,0.0
cassandra,88b244a1380c44d36861b6d0be9c78c968d292c2,test/unit/org/apache/cassandra/cql3/ViewTest.java,9.0,10.0,0.0,0.0,0.0,41.0,0.0,0.0,0.0,1.0,0.0,0.0,4.0,,,3.0,5.0,0.0,0.0,12.0,0.0,0.0,0.0,0.0,0.0,0.0,0.0,0.0,0.0,0.0,0.0,0.0,0.0,0.0,0.0,0.0,0.0,1.0,1.0,0.0,0.0,0.0
cassandra,88b244a1380c44d36861b6d0be9c78c968d292c2,test/unit/org/apache/cassandra/dht/SplitterTest.java,0.0,0.0,0.0,0.0,0.0,0.0,0.0,0.0,0.0,0.0,0.0,0.0,0.0,,,0.0,4.0,0.0,0.0,0.0,0.0,0.0,0.0,0.0,0.0,0.0,0.0,0.0,0.0,0.0,0.0,0.0,0.0,0.0,0.0,0.0,0.0,8.0,7.0,0.0,0.0,0.0
cassandra,4c80eeece37d79f434078224a0504400ae10a20d,test/long/org/apache/cassandra/db/commitlog/CommitLogStressTest.java,0.0,2.0,0.0,0.0,0.0,6.0,0.0,1.0,1.0,0.0,0.0,0.0,1.0,,,0.0,5.0,0.0,2.0,0.0,0.0,0.0,-2.0,0.0,0.0,0.0,-3.0,0.0,-1.0,-1.0,0.0,0.0,0.0,-1.0,0.0,0.0,0.0,-2.0,3.0,-1.0,0.0,0.0
cassandra,4c80eeece37d79f434078224a0504400ae10a20d,test/unit/org/apache/cassandra/db/commitlog/CommitLogTest.java,6.0,4.0,0.0,0.0,0.0,27.0,0.0,2.0,0.0,0.0,0.0,0.0,0.0,,,2.0,12.0,6.0,4.0,5.0,0.0,0.0,0.0,0.0,0.0,0.0,0.0,0.0,0.0,0.0,0.0,0.0,0.0,0.0,0.0,0.0,0.0,0.0,1.0,0.0,0.0,0.0
cassandra,f3f90c1896eab4f3fb5507b0cf348e2f149db5d1,test/long/org/apache/cassandra/db/commitlog/CommitLogStressTest.java,0.0,0.0,0.0,0.0,0.0,3.0,0.0,0.0,0.0,0.0,0.0,0.0,0.0,,,0.0,3.0,3.0,1.0,0.0,0.0,0.0,0.0,0.0,0.0,0.0,0.0,0.0,0.0,0.0,0.0,0.0,0.0,0.0,0.0,0.0,0.0,0.0,0.0,0.0,0.0,0.0
cassandra,eb05025c0a768241ea61fd86db9a88cfd8f6e93e,test/unit/org/apache/cassandra/db/commitlog/CommitLogSegmentBackpressureTest.java,0.0,1.0,0.0,0.0,0.0,1.0,0.0,0.0,0.0,0.0,0.0,0.0,1.0,,,0.0,0.0,0.0,0.0,1.0,0.0,0.0,0.0,0.0,0.0,0.0,0.0,0.0,0.0,0.0,0.0,0.0,0.0,0.0,0.0,0.0,0.0,0.0,0.0,0.0,0.0,0.0
cassandra,eb05025c0a768241ea61fd86db9a88cfd8f6e93e,test/unit/org/apache/cassandra/db/commitlog/CommitLogTest.java,2.0,3.0,0.0,0.0,0.0,28.0,0.0,2.0,0.0,0.0,0.0,0.0,0.0,,,0.0,24.0,6.0,2.0,3.0,0.0,0.0,0.0,0.0,0.0,0.0,0.0,0.0,0.0,0.0,0.0,0.0,0.0,0.0,0.0,0.0,0.0,0.0,0.0,0.0,0.0,0.0
cassandra,10ca7e47ca63c43b4e0ba593fb4c736130764af9,test/long/org/apache/cassandra/cql3/ViewLongTest.java,0.0,1.0,0.0,0.0,0.0,1.0,0.0,0.0,0.0,0.0,0.0,0.0,0.0,,,0.0,1.0,0.0,0.0,0.0,0.0,0.0,0.0,0.0,0.0,0.0,4.0,0.0,0.0,0.0,0.0,0.0,0.0,0.0,0.0,0.0,0.0,4.0,2.0,0.0,0.0,0.0
cassandra,461af5b9a6f58b6ed3db78a879840816b906cac8,test/unit/org/apache/cassandra/db/CleanupTest.java,2.0,2.0,0.0,0.0,0.0,3.0,0.0,0.0,0.0,0.0,0.0,0.0,1.0,,,0.0,0.0,0.0,0.0,2.0,0.0,1.0,0.0,0.0,0.0,0.0,1.0,0.0,0.0,0.0,0.0,0.0,0.0,0.0,0.0,0.0,0.0,0.0,0.0,0.0,1.0,0.0
cassandra,a6f39834b940afe1d5f09636df754cb50c1240ef,test/unit/org/apache/cassandra/repair/LocalSyncTaskTest.java,2.0,0.0,0.0,0.0,0.0,4.0,0.0,0.0,0.0,0.0,0.0,0.0,0.0,,,0.0,0.0,0.0,0.0,1.0,0.0,0.0,0.0,0.0,0.0,0.0,0.0,0.0,0.0,0.0,0.0,0.0,0.0,0.0,0.0,0.0,0.0,0.0,0.0,0.0,0.0,0.0
cassandra,a6f39834b940afe1d5f09636df754cb50c1240ef,test/unit/org/apache/cassandra/repair/RepairSessionTest.java,1.0,0.0,0.0,0.0,0.0,1.0,0.0,0.0,0.0,0.0,0.0,0.0,0.0,,,0.0,0.0,0.0,0.0,0.0,0.0,0.0,0.0,0.0,0.0,0.0,0.0,0.0,0.0,0.0,0.0,0.0,0.0,0.0,0.0,0.0,0.0,0.0,0.0,0.0,0.0,0.0
cassandra,a6f39834b940afe1d5f09636df754cb50c1240ef,test/unit/org/apache/cassandra/repair/StreamingRepairTaskTest.java,0.0,0.0,0.0,0.0,0.0,2.0,2.0,0.0,0.0,0.0,0.0,0.0,0.0,,,0.0,0.0,0.0,0.0,0.0,0.0,0.0,0.0,0.0,0.0,0.0,0.0,0.0,0.0,0.0,0.0,0.0,0.0,0.0,0.0,0.0,0.0,0.0,0.0,0.0,0.0,0.0
cassandra,a6f39834b940afe1d5f09636df754cb50c1240ef,test/unit/org/apache/cassandra/utils/MerkleTreesTest.java,8.0,3.0,0.0,0.0,0.0,3.0,10.0,0.0,0.0,0.0,0.0,0.0,0.0,,,6.0,1.0,0.0,0.0,4.0,0.0,0.0,0.0,0.0,0.0,0.0,0.0,0.0,0.0,0.0,0.0,0.0,0.0,0.0,0.0,0.0,0.0,0.0,0.0,0.0,0.0,0.0
cassandra,b885e9c0547709152b5a118af30508bf287d3844,test/unit/org/apache/cassandra/cql3/validation/miscellaneous/RoleSyntaxTest.java,0.0,0.0,0.0,0.0,0.0,8.0,0.0,0.0,0.0,0.0,0.0,0.0,0.0,,,0.0,0.0,0.0,0.0,0.0,0.0,1.0,0.0,0.0,0.0,0.0,0.0,0.0,0.0,0.0,0.0,0.0,0.0,0.0,0.0,0.0,0.0,0.0,0.0,0.0,0.0,0.0
cassandra,f9de26a79de02e61624994e67e64f2c93fb5a35b,test/unit/org/apache/cassandra/cql3/SimpleQueryTest.java,0.0,3.0,0.0,0.0,0.0,17.0,0.0,0.0,0.0,1.0,0.0,0.0,0.0,,,0.0,0.0,0.0,0.0,0.0,0.0,0.0,0.0,0.0,0.0,0.0,1.0,0.0,0.0,0.0,0.0,0.0,0.0,0.0,0.0,0.0,0.0,0.0,0.0,0.0,0.0,0.0
cassandra,b637eb11c956698dc2ffb936eb85224e22dc7d94,test/unit/org/apache/cassandra/db/compaction/CompactionsCQLTest.java,7.0,0.0,0.0,0.0,0.0,12.0,0.0,0.0,0.0,0.0,0.0,0.0,0.0,,,1.0,0.0,0.0,0.0,0.0,0.0,0.0,0.0,0.0,0.0,0.0,0.0,0.0,0.0,0.0,0.0,0.0,0.0,0.0,0.0,0.0,1.0,0.0,0.0,0.0,0.0,0.0
cassandra,50e6e721b2a81da7f11f60a2fa405fd46e5415d4,test/unit/org/apache/cassandra/dht/SplitterTest.java,0.0,0.0,0.0,0.0,0.0,0.0,0.0,0.0,0.0,0.0,0.0,0.0,0.0,,,0.0,4.0,0.0,0.0,0.0,0.0,0.0,0.0,0.0,0.0,0.0,0.0,0.0,0.0,0.0,0.0,0.0,0.0,0.0,0.0,0.0,0.0,0.0,0.0,0.0,0.0,0.0
cassandra,3cd2c3c4ea4286562b2cb8443d6173ee251e6212,test/unit/org/apache/cassandra/utils/JVMStabilityInspectorTest.java,2.0,0.0,0.0,0.0,0.0,1.0,0.0,0.0,0.0,0.0,0.0,0.0,0.0,,,2.0,0.0,0.0,0.0,0.0,0.0,1.0,1.0,0.0,0.0,0.0,1.0,0.0,0.0,0.0,1.0,0.0,0.0,0.0,0.0,0.0,0.0,0.0,0.0,0.0,0.0,0.0
cassandra,dd187d105bce300395f52eb8ca4d8ccaf94a06ea,test/unit/org/apache/cassandra/db/LegacyLayoutTest.java,1.0,0.0,0.0,0.0,0.0,1.0,0.0,0.0,0.0,0.0,1.0,0.0,0.0,,,0.0,0.0,0.0,0.0,1.0,0.0,1.0,1.0,0.0,0.0,0.0,1.0,0.0,0.0,0.0,0.0,0.0,0.0,0.0,0.0,0.0,0.0,0.0,0.0,0.0,1.0,0.0
cassandra,0d12169167fdf58cbf619dee693a4d4e29846a7e,test/unit/org/apache/cassandra/db/commitlog/CommitLogChainedMarkersTest.java,0.0,1.0,0.0,0.0,0.0,1.0,0.0,1.0,0.0,0.0,0.0,0.0,0.0,,,0.0,0.0,0.0,1.0,0.0,0.0,0.0,0.0,0.0,0.0,0.0,0.0,0.0,0.0,0.0,0.0,0.0,0.0,0.0,0.0,0.0,0.0,0.0,0.0,0.0,0.0,0.0
cassandra,0d12169167fdf58cbf619dee693a4d4e29846a7e,test/unit/org/apache/cassandra/db/commitlog/CommitLogSegmentBackpressureTest.java,0.0,1.0,0.0,0.0,0.0,1.0,0.0,0.0,0.0,0.0,0.0,0.0,1.0,,,0.0,0.0,0.0,0.0,1.0,0.0,0.0,0.0,0.0,0.0,0.0,0.0,0.0,0.0,0.0,0.0,0.0,0.0,0.0,0.0,0.0,0.0,0.0,0.0,0.0,0.0,0.0
cassandra,5050aa3478da8939d800df9f479f928e96842928,test/unit/org/apache/cassandra/cql3/validation/operations/DropCompactStorageThriftTest.java,0.0,1.0,0.0,0.0,0.0,10.0,0.0,0.0,0.0,0.0,1.0,0.0,0.0,,,0.0,0.0,0.0,0.0,0.0,0.0,1.0,0.0,0.0,0.0,0.0,1.0,0.0,0.0,0.0,0.0,0.0,0.0,0.0,0.0,0.0,0.0,0.0,0.0,0.0,0.0,0.0
cassandra,e208a6a210d172b991b40fb66a4763e30b3e4d7d,test/unit/org/apache/cassandra/db/DiskBoundaryManagerTest.java,3.0,0.0,0.0,0.0,0.0,2.0,2.0,0.0,0.0,0.0,0.0,0.0,0.0,,,0.0,0.0,0.0,2.0,2.0,0.0,0.0,0.0,0.0,0.0,0.0,0.0,0.0,0.0,0.0,0.0,0.0,0.0,0.0,0.0,0.0,0.0,0.0,0.0,0.0,0.0,0.0
cassandra,45c7c456167e77cb7e8cdf161bc4350deba08aef,test/unit/org/apache/cassandra/db/ColumnFamilyStoreTest.java,2.0,2.0,0.0,0.0,0.0,5.0,0.0,0.0,0.0,0.0,0.0,0.0,0.0,,,1.0,1.0,0.0,2.0,4.0,0.0,0.0,0.0,0.0,0.0,0.0,0.0,0.0,0.0,0.0,0.0,0.0,0.0,0.0,0.0,0.0,0.0,0.0,0.0,0.0,0.0,0.0
cassandra,45c7c456167e77cb7e8cdf161bc4350deba08aef,test/unit/org/apache/cassandra/db/CounterMutationTest.java,2.0,0.0,0.0,0.0,0.0,4.0,0.0,0.0,0.0,0.0,0.0,0.0,0.0,,,1.0,2.0,0.0,0.0,0.0,0.0,0.0,0.0,0.0,0.0,0.0,0.0,0.0,0.0,0.0,0.0,0.0,0.0,0.0,0.0,0.0,0.0,0.0,0.0,0.0,0.0,0.0
cassandra,45c7c456167e77cb7e8cdf161bc4350deba08aef,test/unit/org/apache/cassandra/db/DeletePartitionTest.java,1.0,1.0,0.0,0.0,0.0,0.0,0.0,0.0,0.0,0.0,0.0,0.0,0.0,,,0.0,1.0,0.0,0.0,0.0,0.0,0.0,0.0,0.0,0.0,0.0,0.0,0.0,0.0,0.0,0.0,0.0,0.0,0.0,0.0,0.0,0.0,0.0,0.0,0.0,0.0,0.0
cassandra,45c7c456167e77cb7e8cdf161bc4350deba08aef,test/unit/org/apache/cassandra/db/RowTest.java,1.0,1.0,0.0,0.0,0.0,2.0,3.0,0.0,0.0,0.0,0.0,0.0,0.0,,,0.0,0.0,0.0,0.0,2.0,0.0,0.0,0.0,0.0,0.0,0.0,0.0,0.0,0.0,0.0,0.0,0.0,0.0,0.0,0.0,0.0,0.0,0.0,0.0,0.0,0.0,0.0
cassandra,45c7c456167e77cb7e8cdf161bc4350deba08aef,test/unit/org/apache/cassandra/db/commitlog/CommitLogReaderTest.java,0.0,5.0,0.0,0.0,0.0,5.0,0.0,5.0,0.0,0.0,0.0,0.0,0.0,,,0.0,0.0,0.0,5.0,1.0,0.0,0.0,0.0,0.0,0.0,0.0,0.0,0.0,0.0,0.0,0.0,0.0,0.0,0.0,0.0,0.0,0.0,0.0,0.0,0.0,0.0,0.0
cassandra,45c7c456167e77cb7e8cdf161bc4350deba08aef,test/unit/org/apache/cassandra/db/compaction/CompactionsPurgeTest.java,5.0,9.0,0.0,0.0,0.0,3.0,0.0,0.0,0.0,0.0,0.0,0.0,0.0,,,1.0,0.0,0.0,0.0,9.0,0.0,0.0,0.0,0.0,0.0,0.0,0.0,0.0,0.0,0.0,0.0,0.0,0.0,0.0,0.0,0.0,0.0,0.0,0.0,0.0,0.0,0.0
cassandra,45c7c456167e77cb7e8cdf161bc4350deba08aef,test/unit/org/apache/cassandra/db/partition/PartitionUpdateTest.java,1.0,0.0,0.0,0.0,0.0,0.0,0.0,0.0,0.0,0.0,0.0,0.0,0.0,,,0.0,0.0,0.0,0.0,1.0,0.0,1.0,0.0,0.0,0.0,0.0,0.0,0.0,0.0,0.0,0.0,0.0,0.0,0.0,0.0,0.0,0.0,0.0,0.0,0.0,0.0,0.0
cassandra,45c7c456167e77cb7e8cdf161bc4350deba08aef,test/unit/org/apache/cassandra/db/rows/RowAndDeletionMergeIteratorTest.java,8.0,0.0,0.0,0.0,0.0,0.0,9.0,0.0,0.0,0.0,0.0,0.0,0.0,,,8.0,0.0,0.0,0.0,0.0,0.0,0.0,0.0,0.0,0.0,0.0,0.0,0.0,0.0,0.0,0.0,0.0,0.0,0.0,0.0,0.0,0.0,0.0,0.0,0.0,0.0,0.0
cassandra,45c7c456167e77cb7e8cdf161bc4350deba08aef,test/unit/org/apache/cassandra/index/sasi/SASIIndexTest.java,11.0,6.0,0.0,0.0,0.0,20.0,0.0,0.0,0.0,0.0,7.0,0.0,0.0,,,12.0,16.0,12.0,0.0,6.0,0.0,0.0,0.0,0.0,0.0,0.0,0.0,0.0,0.0,0.0,0.0,0.0,0.0,0.0,0.0,0.0,0.0,0.0,0.0,0.0,0.0,0.0
cassandra,45c7c456167e77cb7e8cdf161bc4350deba08aef,test/unit/org/apache/cassandra/net/WriteCallbackInfoTest.java,0.0,1.0,0.0,0.0,0.0,1.0,0.0,0.0,0.0,0.0,0.0,0.0,0.0,,,0.0,1.0,1.0,0.0,0.0,0.0,0.0,0.0,0.0,0.0,0.0,0.0,0.0,0.0,0.0,0.0,0.0,0.0,0.0,0.0,0.0,0.0,0.0,0.0,0.0,0.0,0.0
cassandra,45c7c456167e77cb7e8cdf161bc4350deba08aef,test/unit/org/apache/cassandra/triggers/TriggerExecutorTest.java,6.0,1.0,0.0,0.0,0.0,9.0,0.0,0.0,0.0,0.0,0.0,0.0,0.0,,,5.0,0.0,0.0,0.0,6.0,0.0,0.0,0.0,0.0,0.0,0.0,0.0,0.0,0.0,0.0,0.0,0.0,0.0,0.0,0.0,0.0,0.0,0.0,0.0,0.0,0.0,0.0
cassandra,4faa6e12ff22daa2c6330993825c28b433175df6,test/long/org/apache/cassandra/db/commitlog/CommitLogStressTest.java,0.0,2.0,0.0,0.0,0.0,6.0,0.0,1.0,1.0,0.0,0.0,0.0,1.0,,,0.0,5.0,0.0,2.0,0.0,0.0,0.0,-2.0,0.0,0.0,0.0,-3.0,0.0,-1.0,-1.0,0.0,0.0,0.0,-1.0,0.0,0.0,0.0,-2.0,3.0,-1.0,0.0,0.0
cassandra,fe0ee85c71faada0acb48a65f249575c65bf0972,test/unit/org/apache/cassandra/cql3/CDCStatementTest.java,2.0,0.0,0.0,0.0,0.0,3.0,0.0,0.0,0.0,0.0,0.0,0.0,0.0,,,0.0,0.0,0.0,0.0,0.0,0.0,0.0,0.0,0.0,0.0,0.0,0.0,0.0,0.0,0.0,0.0,0.0,0.0,0.0,0.0,0.0,0.0,0.0,0.0,0.0,0.0,0.0
cassandra,fe0ee85c71faada0acb48a65f249575c65bf0972,test/unit/org/apache/cassandra/db/commitlog/CommitLogSegmentManagerCDCTest.java,1.0,3.0,0.0,0.0,0.0,3.0,0.0,2.0,0.0,0.0,0.0,0.0,0.0,,,1.0,0.0,0.0,4.0,1.0,0.0,0.0,0.0,0.0,0.0,0.0,0.0,0.0,0.0,0.0,0.0,0.0,0.0,0.0,0.0,0.0,0.0,0.0,0.0,0.0,0.0,0.0
cassandra,0ac5a17d3aac49f678f8b1ec4c934c8a0e7367ab,test/unit/org/apache/cassandra/db/ReadCommandTest.java,4.0,1.0,0.0,0.0,0.0,4.0,0.0,0.0,0.0,0.0,1.0,0.0,0.0,,,0.0,0.0,0.0,0.0,4.0,0.0,0.0,2.0,0.0,0.0,0.0,2.0,0.0,0.0,0.0,0.0,0.0,0.0,0.0,0.0,0.0,0.0,0.0,0.0,0.0,2.0,0.0
cassandra,0ac5a17d3aac49f678f8b1ec4c934c8a0e7367ab,test/unit/org/apache/cassandra/io/compress/CompressedSequentialWriterTest.java,1.0,0.0,0.0,0.0,0.0,4.0,0.0,1.0,0.0,0.0,0.0,0.0,0.0,,,1.0,3.0,1.0,1.0,0.0,0.0,0.0,0.0,0.0,0.0,0.0,0.0,0.0,0.0,0.0,0.0,0.0,0.0,0.0,0.0,0.0,0.0,0.0,0.0,0.0,0.0,0.0
cassandra,0ac5a17d3aac49f678f8b1ec4c934c8a0e7367ab,test/unit/org/apache/cassandra/io/util/FileUtilsTest.java,2.0,0.0,0.0,0.0,0.0,2.0,0.0,2.0,0.0,0.0,0.0,0.0,0.0,,,0.0,0.0,0.0,1.0,2.0,0.0,0.0,0.0,0.0,0.0,0.0,0.0,0.0,0.0,0.0,0.0,0.0,0.0,0.0,0.0,0.0,0.0,0.0,0.0,0.0,0.0,0.0
cassandra,0ac5a17d3aac49f678f8b1ec4c934c8a0e7367ab,test/unit/org/apache/cassandra/utils/BloomFilterTest.java,0.0,3.0,0.0,0.0,0.0,2.0,6.0,0.0,0.0,0.0,0.0,0.0,0.0,,,0.0,1.0,3.0,0.0,0.0,0.0,0.0,0.0,0.0,0.0,0.0,0.0,0.0,0.0,0.0,0.0,0.0,0.0,0.0,0.0,0.0,0.0,0.0,0.0,0.0,0.0,0.0
cassandra,0ac5a17d3aac49f678f8b1ec4c934c8a0e7367ab,test/unit/org/apache/cassandra/utils/NativeLibraryTest.java,0.0,0.0,0.0,0.0,0.0,0.0,0.0,1.0,0.0,0.0,0.0,0.0,0.0,,,0.0,1.0,0.0,1.0,0.0,0.0,0.0,0.0,0.0,0.0,0.0,0.0,0.0,0.0,0.0,0.0,0.0,0.0,0.0,0.0,0.0,0.0,0.0,0.0,0.0,0.0,0.0
cassandra,6d324f9d769f24ac209f6ea7649fee02b0200ba0,test/long/org/apache/cassandra/utils/LongBloomFilterTest.java,0.0,1.0,0.0,0.0,0.0,0.0,0.0,0.0,1.0,0.0,0.0,0.0,0.0,,,0.0,5.0,1.0,0.0,0.0,0.0,0.0,0.0,0.0,0.0,0.0,0.0,0.0,0.0,0.0,0.0,0.0,0.0,0.0,0.0,0.0,0.0,0.0,0.0,0.0,0.0,0.0
cassandra,6d324f9d769f24ac209f6ea7649fee02b0200ba0,test/unit/org/apache/cassandra/utils/BloomFilterTest.java,0.0,3.0,0.0,0.0,0.0,2.0,6.0,0.0,0.0,0.0,0.0,0.0,0.0,,,0.0,1.0,3.0,0.0,0.0,0.0,0.0,0.0,0.0,0.0,0.0,0.0,0.0,0.0,0.0,0.0,0.0,0.0,0.0,0.0,0.0,0.0,0.0,0.0,0.0,0.0,0.0
cassandra,6d324f9d769f24ac209f6ea7649fee02b0200ba0,test/unit/org/apache/cassandra/utils/SerializationsTest.java,2.0,2.0,0.0,0.0,0.0,3.0,0.0,0.0,0.0,0.0,0.0,0.0,0.0,,,1.0,1.0,4.0,0.0,0.0,0.0,0.0,0.0,0.0,0.0,0.0,0.0,0.0,0.0,0.0,0.0,0.0,0.0,0.0,0.0,0.0,0.0,0.0,-1.0,0.0,0.0,0.0
cassandra,d0b7566ff8386c4246ec24232256e7860338b724,test/unit/org/apache/cassandra/gms/GossiperTest.java,1.0,0.0,0.0,0.0,0.0,1.0,0.0,0.0,0.0,0.0,0.0,0.0,0.0,,,1.0,0.0,0.0,0.0,1.0,0.0,1.0,1.0,0.0,0.0,0.0,1.0,0.0,0.0,0.0,0.0,1.0,0.0,1.0,0.0,0.0,0.0,0.0,0.0,0.0,0.0,0.0
cassandra,d0b7566ff8386c4246ec24232256e7860338b724,test/unit/org/apache/cassandra/schema/SchemaKeyspaceTest.java,2.0,2.0,0.0,0.0,0.0,3.0,0.0,0.0,0.0,0.0,0.0,0.0,0.0,,,0.0,1.0,0.0,0.0,0.0,0.0,3.0,2.0,0.0,0.0,0.0,1.0,0.0,0.0,0.0,0.0,0.0,0.0,0.0,0.0,0.0,0.0,0.0,0.0,0.0,0.0,0.0
cassandra,716d08f9090deb4c0c48096b5044186d270feb45,test/unit/org/apache/cassandra/io/sstable/LegacySSTableTest.java,0.0,2.0,0.0,0.0,0.0,4.0,0.0,0.0,0.0,0.0,0.0,0.0,0.0,,,0.0,4.0,1.0,0.0,0.0,0.0,0.0,0.0,0.0,0.0,0.0,0.0,0.0,0.0,0.0,0.0,0.0,0.0,0.0,0.0,0.0,0.0,0.0,0.0,0.0,0.0,0.0
cassandra,716d08f9090deb4c0c48096b5044186d270feb45,test/unit/org/apache/cassandra/utils/BloomFilterTest.java,0.0,3.0,0.0,0.0,0.0,2.0,6.0,0.0,0.0,0.0,0.0,0.0,0.0,,,0.0,1.0,3.0,0.0,0.0,0.0,0.0,1.0,0.0,0.0,0.0,0.0,0.0,0.0,0.0,0.0,0.0,0.0,0.0,0.0,0.0,0.0,0.0,0.0,0.0,0.0,0.0
cassandra,716d08f9090deb4c0c48096b5044186d270feb45,test/unit/org/apache/cassandra/utils/SerializationsTest.java,2.0,2.0,0.0,0.0,0.0,3.0,0.0,0.0,0.0,0.0,0.0,0.0,0.0,,,1.0,1.0,3.0,0.0,0.0,0.0,0.0,0.0,0.0,0.0,0.0,0.0,0.0,0.0,0.0,0.0,0.0,0.0,0.0,0.0,0.0,1.0,0.0,0.0,0.0,0.0,0.0
cassandra,716d08f9090deb4c0c48096b5044186d270feb45,test/unit/org/apache/cassandra/utils/obs/OffHeapBitSetTest.java,2.0,3.0,0.0,0.0,0.0,2.0,0.0,0.0,0.0,0.0,0.0,0.0,0.0,,,1.0,1.0,0.0,0.0,0.0,0.0,0.0,-1.0,0.0,0.0,0.0,0.0,0.0,0.0,0.0,0.0,0.0,0.0,0.0,0.0,0.0,0.0,0.0,1.0,0.0,0.0,0.0
cassandra,9635c6041a1b70dbefc6ca2b5b58b08717077300,test/unit/org/apache/cassandra/cql3/validation/entities/CollectionsTest.java,3.0,6.0,0.0,0.0,0.0,49.0,0.0,0.0,1.0,1.0,1.0,0.0,0.0,,,1.0,3.0,0.0,0.0,3.0,0.0,0.0,0.0,0.0,0.0,0.0,1.0,0.0,0.0,0.0,0.0,0.0,0.0,0.0,0.0,0.0,0.0,0.0,0.0,0.0,0.0,0.0
cassandra,4de7a65ed9f3c97658a80dd64032ad6e82e9d58b,test/long/org/apache/cassandra/locator/DynamicEndpointSnitchLongTest.java,0.0,1.0,0.0,0.0,0.0,1.0,0.0,0.0,0.0,0.0,0.0,0.0,0.0,,,0.0,1.0,0.0,0.0,0.0,0.0,0.0,0.0,0.0,0.0,0.0,0.0,0.0,0.0,0.0,0.0,0.0,0.0,0.0,0.0,0.0,0.0,0.0,0.0,0.0,0.0,0.0
cassandra,4de7a65ed9f3c97658a80dd64032ad6e82e9d58b,test/long/org/apache/cassandra/streaming/LongStreamingTest.java,0.0,0.0,0.0,0.0,0.0,2.0,0.0,0.0,0.0,0.0,0.0,0.0,0.0,,,0.0,2.0,1.0,0.0,0.0,0.0,0.0,0.0,0.0,0.0,0.0,0.0,0.0,0.0,0.0,0.0,0.0,0.0,0.0,0.0,0.0,0.0,0.0,0.0,0.0,0.0,0.0
cassandra,4de7a65ed9f3c97658a80dd64032ad6e82e9d58b,test/unit/org/apache/cassandra/batchlog/BatchlogEndpointFilterTest.java,5.0,0.0,0.0,0.0,0.0,5.0,0.0,0.0,0.0,0.0,0.0,0.0,0.0,,,0.0,0.0,0.0,0.0,5.0,0.0,0.0,0.0,0.0,0.0,0.0,0.0,0.0,0.0,0.0,0.0,0.0,0.0,0.0,0.0,0.0,0.0,0.0,0.0,0.0,0.0,0.0
cassandra,4de7a65ed9f3c97658a80dd64032ad6e82e9d58b,test/unit/org/apache/cassandra/batchlog/BatchlogManagerTest.java,5.0,5.0,0.0,0.0,0.0,4.0,0.0,0.0,0.0,0.0,0.0,0.0,0.0,,,3.0,0.0,0.0,0.0,2.0,0.0,0.0,0.0,0.0,0.0,0.0,0.0,0.0,0.0,0.0,0.0,0.0,0.0,0.0,0.0,0.0,0.0,0.0,0.0,0.0,0.0,0.0
cassandra,4de7a65ed9f3c97658a80dd64032ad6e82e9d58b,test/unit/org/apache/cassandra/config/DatabaseDescriptorRefTest.java,0.0,1.0,0.0,0.0,0.0,1.0,0.0,0.0,0.0,0.0,0.0,0.0,0.0,,,0.0,0.0,0.0,0.0,0.0,0.0,0.0,0.0,0.0,0.0,0.0,0.0,0.0,0.0,0.0,0.0,0.0,0.0,0.0,0.0,0.0,0.0,0.0,0.0,0.0,0.0,0.0
cassandra,4de7a65ed9f3c97658a80dd64032ad6e82e9d58b,test/unit/org/apache/cassandra/cql3/PreparedStatementsTest.java,3.0,0.0,0.0,0.0,0.0,4.0,0.0,0.0,0.0,0.0,0.0,0.0,0.0,,,2.0,7.0,4.0,0.0,2.0,0.0,0.0,0.0,0.0,0.0,0.0,0.0,0.0,0.0,0.0,0.0,0.0,0.0,0.0,0.0,0.0,0.0,0.0,0.0,0.0,0.0,0.0
cassandra,4de7a65ed9f3c97658a80dd64032ad6e82e9d58b,test/unit/org/apache/cassandra/cql3/ViewComplexTest.java,1.0,5.0,0.0,0.0,0.0,36.0,0.0,0.0,0.0,0.0,0.0,0.0,3.0,,,1.0,28.0,9.0,0.0,1.0,0.0,0.0,0.0,0.0,0.0,0.0,0.0,0.0,0.0,0.0,0.0,0.0,0.0,0.0,0.0,0.0,0.0,0.0,0.0,0.0,0.0,0.0
cassandra,4de7a65ed9f3c97658a80dd64032ad6e82e9d58b,test/unit/org/apache/cassandra/cql3/validation/operations/CreateTest.java,1.0,1.0,0.0,0.0,0.0,21.0,0.0,0.0,0.0,0.0,0.0,0.0,0.0,,,0.0,1.0,0.0,0.0,0.0,0.0,0.0,0.0,0.0,0.0,0.0,0.0,0.0,0.0,0.0,0.0,0.0,0.0,0.0,0.0,0.0,0.0,0.0,0.0,0.0,0.0,0.0
cassandra,4de7a65ed9f3c97658a80dd64032ad6e82e9d58b,test/unit/org/apache/cassandra/db/CleanupTest.java,3.0,3.0,0.0,0.0,0.0,6.0,0.0,0.0,0.0,0.0,0.0,0.0,1.0,,,0.0,2.0,1.0,0.0,3.0,0.0,0.0,0.0,0.0,0.0,0.0,0.0,0.0,0.0,0.0,0.0,0.0,0.0,0.0,0.0,0.0,0.0,0.0,0.0,0.0,0.0,0.0
cassandra,4de7a65ed9f3c97658a80dd64032ad6e82e9d58b,test/unit/org/apache/cassandra/db/DiskBoundaryManagerTest.java,3.0,0.0,0.0,0.0,0.0,2.0,2.0,0.0,0.0,0.0,0.0,0.0,0.0,,,0.0,0.0,0.0,2.0,2.0,0.0,0.0,0.0,0.0,0.0,0.0,0.0,0.0,0.0,0.0,0.0,0.0,0.0,0.0,0.0,0.0,0.0,0.0,0.0,0.0,0.0,0.0
cassandra,4de7a65ed9f3c97658a80dd64032ad6e82e9d58b,test/unit/org/apache/cassandra/db/ReadCommandTest.java,4.0,1.0,0.0,0.0,0.0,4.0,0.0,0.0,0.0,0.0,1.0,0.0,0.0,,,0.0,0.0,0.0,0.0,4.0,0.0,0.0,0.0,0.0,0.0,0.0,1.0,0.0,0.0,0.0,0.0,0.0,0.0,0.0,0.0,0.0,0.0,0.0,0.0,0.0,0.0,0.0
cassandra,4de7a65ed9f3c97658a80dd64032ad6e82e9d58b,test/unit/org/apache/cassandra/db/RowCacheTest.java,6.0,5.0,0.0,0.0,0.0,9.0,0.0,0.0,0.0,0.0,0.0,0.0,0.0,,,3.0,2.0,0.0,0.0,7.0,0.0,0.0,0.0,0.0,0.0,0.0,0.0,0.0,0.0,0.0,0.0,0.0,0.0,0.0,0.0,0.0,0.0,0.0,0.0,0.0,0.0,0.0
cassandra,4de7a65ed9f3c97658a80dd64032ad6e82e9d58b,test/unit/org/apache/cassandra/db/SystemKeyspaceTest.java,0.0,2.0,0.0,0.0,0.0,2.0,0.0,0.0,0.0,0.0,0.0,0.0,0.0,,,0.0,3.0,0.0,0.0,0.0,0.0,0.0,0.0,0.0,0.0,0.0,0.0,0.0,0.0,0.0,0.0,0.0,0.0,0.0,0.0,0.0,0.0,0.0,0.0,0.0,0.0,0.0
cassandra,4de7a65ed9f3c97658a80dd64032ad6e82e9d58b,test/unit/org/apache/cassandra/db/compaction/AbstractPendingRepairTest.java,0.0,0.0,0.0,0.0,0.0,0.0,0.0,0.0,0.0,0.0,0.0,0.0,0.0,,,0.0,0.0,1.0,0.0,0.0,0.0,0.0,0.0,0.0,0.0,0.0,0.0,0.0,0.0,0.0,0.0,0.0,0.0,0.0,0.0,0.0,0.0,0.0,0.0,0.0,0.0,0.0
cassandra,4de7a65ed9f3c97658a80dd64032ad6e82e9d58b,test/unit/org/apache/cassandra/db/compaction/AntiCompactionTest.java,2.0,2.0,0.0,0.0,0.0,8.0,0.0,0.0,0.0,0.0,0.0,0.0,0.0,,,0.0,6.0,1.0,0.0,2.0,0.0,0.0,0.0,0.0,0.0,0.0,0.0,0.0,0.0,0.0,0.0,0.0,0.0,0.0,0.0,0.0,0.0,0.0,0.0,0.0,0.0,0.0
cassandra,4de7a65ed9f3c97658a80dd64032ad6e82e9d58b,test/unit/org/apache/cassandra/db/compaction/CompactionManagerGetSSTablesForValidationTest.java,3.0,0.0,0.0,0.0,0.0,3.0,3.0,0.0,0.0,0.0,0.0,0.0,0.0,,,0.0,0.0,0.0,0.0,3.0,0.0,0.0,0.0,0.0,0.0,0.0,0.0,0.0,0.0,0.0,0.0,0.0,0.0,0.0,0.0,0.0,0.0,0.0,0.0,0.0,0.0,0.0
cassandra,4de7a65ed9f3c97658a80dd64032ad6e82e9d58b,test/unit/org/apache/cassandra/db/compaction/LeveledCompactionStrategyTest.java,5.0,6.0,0.0,0.0,0.0,6.0,5.0,0.0,0.0,0.0,0.0,0.0,2.0,,,0.0,0.0,0.0,0.0,4.0,0.0,0.0,0.0,0.0,0.0,0.0,0.0,0.0,0.0,0.0,0.0,0.0,0.0,0.0,0.0,0.0,0.0,0.0,0.0,0.0,0.0,0.0
cassandra,4de7a65ed9f3c97658a80dd64032ad6e82e9d58b,test/unit/org/apache/cassandra/db/view/ViewUtilsTest.java,2.0,0.0,0.0,0.0,0.0,3.0,0.0,0.0,0.0,0.0,0.0,0.0,0.0,,,0.0,0.0,0.0,0.0,0.0,0.0,0.0,0.0,0.0,0.0,0.0,0.0,0.0,0.0,0.0,0.0,0.0,0.0,0.0,0.0,0.0,0.0,0.0,0.0,0.0,0.0,0.0
cassandra,4de7a65ed9f3c97658a80dd64032ad6e82e9d58b,test/unit/org/apache/cassandra/dht/BootStrapperTest.java,0.0,3.0,0.0,0.0,0.0,9.0,0.0,0.0,0.0,0.0,0.0,0.0,0.0,,,0.0,4.0,1.0,0.0,0.0,0.0,0.0,0.0,0.0,0.0,0.0,0.0,0.0,0.0,0.0,0.0,0.0,0.0,0.0,0.0,0.0,0.0,0.0,0.0,0.0,0.0,0.0
cassandra,4de7a65ed9f3c97658a80dd64032ad6e82e9d58b,test/unit/org/apache/cassandra/dht/RangeFetchMapCalculatorTest.java,1.0,0.0,0.0,0.0,0.0,12.0,0.0,0.0,0.0,0.0,0.0,0.0,0.0,,,0.0,0.0,0.0,0.0,8.0,0.0,0.0,0.0,0.0,0.0,0.0,0.0,0.0,0.0,0.0,0.0,0.0,0.0,0.0,0.0,0.0,0.0,0.0,0.0,0.0,0.0,0.0
cassandra,4de7a65ed9f3c97658a80dd64032ad6e82e9d58b,test/unit/org/apache/cassandra/dht/StreamStateStoreTest.java,1.0,0.0,0.0,0.0,0.0,0.0,0.0,0.0,0.0,0.0,0.0,0.0,0.0,,,1.0,0.0,0.0,0.0,0.0,0.0,0.0,0.0,0.0,0.0,0.0,0.0,0.0,0.0,0.0,0.0,0.0,0.0,0.0,0.0,0.0,0.0,0.0,0.0,0.0,0.0,0.0
cassandra,4de7a65ed9f3c97658a80dd64032ad6e82e9d58b,test/unit/org/apache/cassandra/gms/ArrivalWindowTest.java,0.0,0.0,0.0,0.0,0.0,1.0,0.0,0.0,0.0,0.0,0.0,0.0,0.0,,,0.0,0.0,0.0,0.0,1.0,0.0,0.0,0.0,0.0,0.0,0.0,-1.0,0.0,0.0,0.0,0.0,0.0,0.0,0.0,0.0,0.0,0.0,0.0,0.0,0.0,0.0,0.0
cassandra,4de7a65ed9f3c97658a80dd64032ad6e82e9d58b,test/unit/org/apache/cassandra/gms/EndpointStateTest.java,0.0,2.0,0.0,0.0,0.0,2.0,0.0,0.0,0.0,0.0,0.0,0.0,0.0,,,0.0,2.0,0.0,0.0,0.0,0.0,0.0,0.0,0.0,0.0,0.0,0.0,0.0,0.0,0.0,0.0,0.0,0.0,0.0,0.0,0.0,0.0,0.0,0.0,0.0,0.0,0.0
cassandra,4de7a65ed9f3c97658a80dd64032ad6e82e9d58b,test/unit/org/apache/cassandra/gms/FailureDetectorTest.java,0.0,0.0,0.0,0.0,0.0,1.0,0.0,0.0,0.0,0.0,0.0,0.0,0.0,,,0.0,0.0,0.0,0.0,0.0,0.0,0.0,0.0,0.0,0.0,0.0,0.0,0.0,0.0,0.0,0.0,0.0,0.0,0.0,0.0,0.0,0.0,0.0,0.0,0.0,0.0,0.0
cassandra,4de7a65ed9f3c97658a80dd64032ad6e82e9d58b,test/unit/org/apache/cassandra/gms/GossipDigestTest.java,1.0,0.0,0.0,0.0,0.0,1.0,0.0,0.0,0.0,0.0,0.0,0.0,0.0,,,0.0,0.0,0.0,0.0,1.0,0.0,0.0,0.0,0.0,0.0,0.0,0.0,0.0,0.0,0.0,0.0,0.0,0.0,0.0,0.0,0.0,0.0,0.0,0.0,0.0,0.0,0.0
cassandra,4de7a65ed9f3c97658a80dd64032ad6e82e9d58b,test/unit/org/apache/cassandra/gms/GossiperTest.java,1.0,0.0,0.0,0.0,0.0,1.0,0.0,0.0,0.0,0.0,0.0,0.0,0.0,,,1.0,0.0,0.0,0.0,1.0,0.0,0.0,0.0,0.0,0.0,0.0,0.0,0.0,0.0,0.0,0.0,0.0,0.0,0.0,0.0,0.0,0.0,0.0,0.0,0.0,0.0,0.0
cassandra,4de7a65ed9f3c97658a80dd64032ad6e82e9d58b,test/unit/org/apache/cassandra/gms/PendingRangeCalculatorServiceTest.java,1.0,1.0,0.0,0.0,0.0,1.0,0.0,0.0,0.0,0.0,0.0,0.0,0.0,,,0.0,0.0,0.0,0.0,1.0,0.0,0.0,0.0,0.0,0.0,0.0,0.0,0.0,0.0,0.0,0.0,0.0,0.0,0.0,0.0,0.0,0.0,0.0,0.0,0.0,0.0,0.0
cassandra,4de7a65ed9f3c97658a80dd64032ad6e82e9d58b,test/unit/org/apache/cassandra/gms/SerializationsTest.java,0.0,2.0,0.0,0.0,0.0,2.0,0.0,0.0,0.0,0.0,0.0,0.0,0.0,,,0.0,2.0,2.0,0.0,0.0,0.0,0.0,0.0,0.0,0.0,0.0,0.0,0.0,0.0,0.0,0.0,0.0,0.0,0.0,0.0,0.0,0.0,0.0,0.0,0.0,0.0,0.0
cassandra,4de7a65ed9f3c97658a80dd64032ad6e82e9d58b,test/unit/org/apache/cassandra/hints/HintTest.java,0.0,1.0,0.0,0.0,0.0,3.0,0.0,0.0,0.0,0.0,0.0,0.0,0.0,,,0.0,0.0,0.0,0.0,0.0,0.0,0.0,0.0,0.0,0.0,0.0,0.0,0.0,0.0,0.0,0.0,0.0,0.0,0.0,0.0,0.0,0.0,0.0,0.0,0.0,0.0,0.0
cassandra,4de7a65ed9f3c97658a80dd64032ad6e82e9d58b,test/unit/org/apache/cassandra/hints/HintsServiceTest.java,1.0,0.0,0.0,0.0,0.0,4.0,0.0,0.0,0.0,0.0,0.0,0.0,1.0,,,0.0,2.0,0.0,0.0,0.0,0.0,0.0,0.0,0.0,0.0,0.0,0.0,0.0,0.0,0.0,0.0,0.0,0.0,0.0,0.0,0.0,0.0,0.0,0.0,0.0,0.0,0.0
cassandra,4de7a65ed9f3c97658a80dd64032ad6e82e9d58b,test/unit/org/apache/cassandra/io/sstable/CQLSSTableWriterTest.java,7.0,4.0,0.0,0.0,0.0,10.0,0.0,10.0,0.0,0.0,0.0,0.0,0.0,,,1.0,2.0,0.0,10.0,6.0,0.0,0.0,0.0,0.0,0.0,0.0,0.0,0.0,0.0,0.0,0.0,0.0,0.0,0.0,0.0,0.0,0.0,0.0,0.0,0.0,0.0,0.0
cassandra,4de7a65ed9f3c97658a80dd64032ad6e82e9d58b,test/unit/org/apache/cassandra/io/sstable/LegacySSTableTest.java,0.0,2.0,0.0,0.0,0.0,4.0,0.0,0.0,0.0,0.0,0.0,0.0,0.0,,,0.0,4.0,1.0,0.0,0.0,0.0,0.0,0.0,0.0,0.0,0.0,0.0,0.0,0.0,0.0,0.0,0.0,0.0,0.0,0.0,0.0,0.0,0.0,0.0,0.0,0.0,0.0
cassandra,4de7a65ed9f3c97658a80dd64032ad6e82e9d58b,test/unit/org/apache/cassandra/io/sstable/SSTableLoaderTest.java,2.0,1.0,0.0,0.0,0.0,2.0,0.0,2.0,0.0,0.0,0.0,0.0,0.0,,,0.0,0.0,0.0,2.0,1.0,0.0,0.0,0.0,0.0,0.0,0.0,0.0,0.0,0.0,0.0,0.0,0.0,0.0,0.0,0.0,0.0,0.0,0.0,0.0,0.0,0.0,0.0
cassandra,4de7a65ed9f3c97658a80dd64032ad6e82e9d58b,test/unit/org/apache/cassandra/locator/CloudstackSnitchTest.java,2.0,0.0,0.0,0.0,0.0,2.0,0.0,0.0,0.0,0.0,0.0,0.0,0.0,,,0.0,0.0,0.0,0.0,0.0,0.0,0.0,0.0,0.0,0.0,0.0,0.0,0.0,0.0,0.0,0.0,0.0,0.0,0.0,0.0,0.0,0.0,0.0,0.0,0.0,0.0,0.0
cassandra,4de7a65ed9f3c97658a80dd64032ad6e82e9d58b,test/unit/org/apache/cassandra/locator/DynamicEndpointSnitchTest.java,1.0,0.0,0.0,0.0,0.0,1.0,0.0,0.0,0.0,0.0,0.0,0.0,0.0,,,1.0,0.0,0.0,0.0,0.0,0.0,0.0,0.0,0.0,0.0,0.0,0.0,0.0,0.0,0.0,0.0,0.0,0.0,0.0,0.0,0.0,0.0,0.0,0.0,0.0,0.0,0.0
cassandra,4de7a65ed9f3c97658a80dd64032ad6e82e9d58b,test/unit/org/apache/cassandra/locator/EC2SnitchTest.java,2.0,0.0,0.0,0.0,0.0,2.0,0.0,0.0,0.0,0.0,0.0,0.0,0.0,,,0.0,0.0,0.0,0.0,0.0,0.0,0.0,0.0,0.0,0.0,0.0,0.0,0.0,0.0,0.0,0.0,0.0,0.0,0.0,0.0,0.0,0.0,0.0,0.0,0.0,0.0,0.0
cassandra,4de7a65ed9f3c97658a80dd64032ad6e82e9d58b,test/unit/org/apache/cassandra/locator/GoogleCloudSnitchTest.java,2.0,0.0,0.0,0.0,0.0,2.0,0.0,0.0,0.0,0.0,0.0,0.0,0.0,,,0.0,0.0,0.0,0.0,0.0,0.0,0.0,0.0,0.0,0.0,0.0,0.0,0.0,0.0,0.0,0.0,0.0,0.0,0.0,0.0,0.0,0.0,0.0,0.0,0.0,0.0,0.0
cassandra,4de7a65ed9f3c97658a80dd64032ad6e82e9d58b,test/unit/org/apache/cassandra/locator/GossipingPropertyFileSnitchTest.java,0.0,0.0,0.0,0.0,0.0,1.0,0.0,0.0,0.0,0.0,0.0,0.0,0.0,,,0.0,1.0,0.0,0.0,0.0,0.0,0.0,0.0,0.0,0.0,0.0,0.0,0.0,0.0,0.0,0.0,0.0,0.0,0.0,0.0,0.0,0.0,0.0,0.0,0.0,0.0,0.0
cassandra,4de7a65ed9f3c97658a80dd64032ad6e82e9d58b,test/unit/org/apache/cassandra/locator/NetworkTopologyStrategyTest.java,1.0,2.0,0.0,0.0,0.0,4.0,0.0,0.0,0.0,0.0,0.0,0.0,0.0,,,0.0,3.0,1.0,0.0,0.0,0.0,0.0,0.0,0.0,0.0,0.0,0.0,0.0,0.0,0.0,0.0,0.0,0.0,0.0,0.0,0.0,0.0,0.0,0.0,0.0,0.0,0.0
cassandra,4de7a65ed9f3c97658a80dd64032ad6e82e9d58b,test/unit/org/apache/cassandra/locator/OldNetworkTopologyStrategyTest.java,5.0,0.0,0.0,0.0,0.0,8.0,5.0,0.0,1.0,0.0,0.0,0.0,0.0,,,0.0,3.0,1.0,0.0,2.0,0.0,0.0,0.0,0.0,0.0,0.0,0.0,0.0,0.0,0.0,0.0,0.0,0.0,0.0,0.0,0.0,0.0,0.0,0.0,0.0,0.0,0.0
cassandra,4de7a65ed9f3c97658a80dd64032ad6e82e9d58b,test/unit/org/apache/cassandra/locator/PendingRangeMapsTest.java,2.0,0.0,0.0,0.0,0.0,2.0,0.0,0.0,0.0,0.0,0.0,0.0,0.0,,,0.0,0.0,0.0,0.0,2.0,0.0,0.0,0.0,0.0,0.0,0.0,0.0,0.0,0.0,0.0,0.0,0.0,0.0,0.0,0.0,0.0,0.0,0.0,0.0,0.0,0.0,0.0
cassandra,4de7a65ed9f3c97658a80dd64032ad6e82e9d58b,test/unit/org/apache/cassandra/locator/PropertyFileSnitchTest.java,0.0,0.0,0.0,0.0,0.0,5.0,5.0,0.0,0.0,0.0,0.0,0.0,5.0,,,0.0,5.0,0.0,0.0,0.0,0.0,0.0,0.0,0.0,0.0,0.0,0.0,0.0,0.0,0.0,0.0,0.0,0.0,0.0,0.0,0.0,0.0,0.0,0.0,0.0,0.0,0.0
cassandra,4de7a65ed9f3c97658a80dd64032ad6e82e9d58b,test/unit/org/apache/cassandra/locator/ReconnectableSnitchHelperTest.java,0.0,0.0,0.0,0.0,0.0,1.0,0.0,0.0,0.0,0.0,0.0,0.0,0.0,,,0.0,1.0,0.0,0.0,0.0,0.0,0.0,0.0,0.0,0.0,0.0,0.0,0.0,0.0,0.0,0.0,0.0,0.0,0.0,0.0,0.0,0.0,0.0,0.0,0.0,0.0,0.0
cassandra,4de7a65ed9f3c97658a80dd64032ad6e82e9d58b,test/unit/org/apache/cassandra/locator/ReplicationStrategyEndpointCacheTest.java,0.0,0.0,0.0,0.0,0.0,2.0,0.0,0.0,0.0,0.0,0.0,0.0,0.0,,,0.0,2.0,0.0,0.0,0.0,0.0,0.0,0.0,0.0,0.0,0.0,0.0,0.0,0.0,0.0,0.0,0.0,0.0,0.0,0.0,0.0,0.0,0.0,0.0,0.0,0.0,0.0
cassandra,4de7a65ed9f3c97658a80dd64032ad6e82e9d58b,test/unit/org/apache/cassandra/locator/SimpleStrategyTest.java,1.0,3.0,0.0,0.0,0.0,3.0,0.0,0.0,0.0,0.0,0.0,0.0,0.0,,,0.0,3.0,0.0,0.0,0.0,0.0,0.0,0.0,0.0,0.0,0.0,0.0,0.0,0.0,0.0,0.0,0.0,0.0,0.0,0.0,0.0,0.0,0.0,0.0,0.0,0.0,0.0
cassandra,4de7a65ed9f3c97658a80dd64032ad6e82e9d58b,test/unit/org/apache/cassandra/locator/TokenMetadataTest.java,3.0,0.0,0.0,0.0,0.0,3.0,0.0,0.0,0.0,0.0,0.0,0.0,0.0,,,3.0,3.0,1.0,0.0,1.0,0.0,0.0,0.0,0.0,0.0,0.0,0.0,0.0,0.0,0.0,0.0,0.0,0.0,0.0,0.0,0.0,0.0,0.0,0.0,0.0,0.0,0.0
cassandra,4de7a65ed9f3c97658a80dd64032ad6e82e9d58b,test/unit/org/apache/cassandra/metrics/HintedHandOffMetricsTest.java,0.0,1.0,0.0,0.0,0.0,1.0,0.0,0.0,0.0,0.0,0.0,0.0,0.0,,,0.0,0.0,0.0,0.0,1.0,0.0,1.0,0.0,0.0,0.0,0.0,0.0,0.0,0.0,0.0,0.0,0.0,0.0,0.0,0.0,0.0,1.0,0.0,0.0,0.0,0.0,0.0
cassandra,4de7a65ed9f3c97658a80dd64032ad6e82e9d58b,test/unit/org/apache/cassandra/net/MessagingServiceTest.java,11.0,2.0,0.0,0.0,0.0,13.0,0.0,0.0,0.0,0.0,1.0,0.0,0.0,,,8.0,8.0,0.0,0.0,4.0,0.0,0.0,0.0,0.0,0.0,0.0,0.0,0.0,0.0,0.0,0.0,0.0,0.0,0.0,0.0,0.0,0.0,0.0,0.0,0.0,0.0,0.0
cassandra,4de7a65ed9f3c97658a80dd64032ad6e82e9d58b,test/unit/org/apache/cassandra/net/MockMessagingServiceTest.java,1.0,0.0,0.0,0.0,0.0,1.0,0.0,0.0,0.0,0.0,0.0,0.0,0.0,1.0,0.0,0.0,0.0,0.0,0.0,1.0,0.0,0.0,0.0,0.0,0.0,0.0,0.0,0.0,0.0,0.0,0.0,0.0,0.0,0.0,0.0,0.0,0.0,0.0,0.0,0.0,0.0,0.0
cassandra,4de7a65ed9f3c97658a80dd64032ad6e82e9d58b,test/unit/org/apache/cassandra/net/RateBasedBackPressureTest.java,6.0,0.0,0.0,0.0,0.0,14.0,0.0,0.0,0.0,0.0,0.0,0.0,0.0,,,4.0,0.0,0.0,0.0,9.0,0.0,0.0,0.0,0.0,0.0,0.0,0.0,0.0,0.0,0.0,0.0,0.0,0.0,0.0,0.0,0.0,0.0,0.0,0.0,0.0,0.0,0.0
cassandra,4de7a65ed9f3c97658a80dd64032ad6e82e9d58b,test/unit/org/apache/cassandra/net/WriteCallbackInfoTest.java,0.0,1.0,0.0,0.0,0.0,1.0,0.0,0.0,0.0,0.0,0.0,0.0,0.0,,,0.0,1.0,1.0,0.0,0.0,0.0,0.0,0.0,0.0,0.0,0.0,0.0,0.0,0.0,0.0,0.0,0.0,0.0,0.0,0.0,0.0,0.0,0.0,0.0,0.0,0.0,0.0
cassandra,4de7a65ed9f3c97658a80dd64032ad6e82e9d58b,test/unit/org/apache/cassandra/net/async/ChannelWriterTest.java,16.0,1.0,0.0,0.0,0.0,0.0,18.0,0.0,0.0,0.0,0.0,0.0,0.0,,,7.0,0.0,0.0,0.0,7.0,0.0,0.0,0.0,0.0,0.0,0.0,0.0,0.0,0.0,0.0,0.0,0.0,0.0,0.0,0.0,0.0,0.0,0.0,0.0,0.0,0.0,0.0
cassandra,4de7a65ed9f3c97658a80dd64032ad6e82e9d58b,test/unit/org/apache/cassandra/net/async/HandshakeHandlersTest.java,1.0,1.0,0.0,0.0,0.0,2.0,0.0,0.0,0.0,0.0,0.0,0.0,0.0,,,1.0,2.0,0.0,0.0,1.0,0.0,0.0,0.0,0.0,0.0,0.0,0.0,0.0,0.0,0.0,0.0,0.0,0.0,0.0,0.0,0.0,0.0,0.0,0.0,0.0,0.0,0.0
cassandra,4de7a65ed9f3c97658a80dd64032ad6e82e9d58b,test/unit/org/apache/cassandra/net/async/HandshakeProtocolTest.java,2.0,0.0,0.0,0.0,0.0,3.0,0.0,0.0,0.0,0.0,0.0,0.0,0.0,,,0.0,1.0,0.0,0.0,0.0,0.0,0.0,0.0,0.0,0.0,0.0,0.0,0.0,0.0,0.0,0.0,0.0,0.0,0.0,0.0,0.0,0.0,0.0,0.0,0.0,0.0,0.0
cassandra,4de7a65ed9f3c97658a80dd64032ad6e82e9d58b,test/unit/org/apache/cassandra/net/async/InboundHandshakeHandlerTest.java,16.0,1.0,0.0,0.0,0.0,8.0,0.0,0.0,0.0,0.0,0.0,0.0,0.0,,,2.0,0.0,0.0,0.0,0.0,0.0,0.0,0.0,0.0,0.0,0.0,0.0,0.0,0.0,0.0,0.0,0.0,0.0,0.0,0.0,0.0,0.0,0.0,0.0,0.0,0.0,0.0
cassandra,4de7a65ed9f3c97658a80dd64032ad6e82e9d58b,test/unit/org/apache/cassandra/net/async/MessageInHandlerTest.java,3.0,0.0,0.0,0.0,0.0,9.0,0.0,0.0,0.0,0.0,0.0,0.0,0.0,,,1.0,0.0,0.0,0.0,1.0,0.0,1.0,0.0,0.0,0.0,0.0,0.0,0.0,0.0,0.0,0.0,0.0,0.0,0.0,0.0,0.0,0.0,0.0,0.0,0.0,0.0,0.0
cassandra,4de7a65ed9f3c97658a80dd64032ad6e82e9d58b,test/unit/org/apache/cassandra/net/async/MessageOutHandlerTest.java,10.0,0.0,0.0,0.0,0.0,3.0,0.0,0.0,0.0,0.0,0.0,0.0,0.0,,,2.0,5.0,0.0,0.0,0.0,0.0,0.0,0.0,0.0,0.0,0.0,0.0,0.0,0.0,0.0,0.0,0.0,0.0,0.0,0.0,0.0,0.0,0.0,0.0,0.0,0.0,0.0
cassandra,4de7a65ed9f3c97658a80dd64032ad6e82e9d58b,test/unit/org/apache/cassandra/net/async/NettyFactoryTest.java,6.0,5.0,0.0,0.0,0.0,4.0,10.0,0.0,0.0,0.0,0.0,0.0,0.0,,,2.0,0.0,0.0,0.0,1.0,0.0,0.0,0.0,0.0,0.0,0.0,0.0,0.0,0.0,0.0,0.0,0.0,0.0,0.0,0.0,0.0,0.0,0.0,0.0,0.0,0.0,0.0
cassandra,4de7a65ed9f3c97658a80dd64032ad6e82e9d58b,test/unit/org/apache/cassandra/net/async/OutboundHandshakeHandlerTest.java,7.0,0.0,0.0,0.0,0.0,5.0,6.0,0.0,0.0,0.0,0.0,0.0,0.0,,,0.0,0.0,0.0,0.0,3.0,0.0,0.0,0.0,0.0,0.0,0.0,0.0,0.0,0.0,0.0,0.0,0.0,0.0,0.0,0.0,0.0,0.0,0.0,0.0,0.0,0.0,0.0
cassandra,4de7a65ed9f3c97658a80dd64032ad6e82e9d58b,test/unit/org/apache/cassandra/net/async/OutboundMessagingConnectionTest.java,23.0,3.0,0.0,0.0,0.0,0.0,33.0,0.0,0.0,0.0,0.0,0.0,0.0,,,3.0,2.0,0.0,0.0,5.0,0.0,0.0,0.0,0.0,0.0,0.0,0.0,0.0,0.0,0.0,0.0,0.0,0.0,0.0,0.0,0.0,0.0,0.0,0.0,0.0,0.0,0.0
cassandra,4de7a65ed9f3c97658a80dd64032ad6e82e9d58b,test/unit/org/apache/cassandra/net/async/OutboundMessagingPoolTest.java,2.0,2.0,0.0,0.0,0.0,0.0,0.0,0.0,0.0,0.0,0.0,0.0,0.0,,,0.0,0.0,0.0,0.0,0.0,0.0,0.0,0.0,0.0,0.0,0.0,0.0,0.0,0.0,0.0,0.0,0.0,0.0,0.0,0.0,0.0,0.0,0.0,0.0,0.0,0.0,0.0
cassandra,4de7a65ed9f3c97658a80dd64032ad6e82e9d58b,test/unit/org/apache/cassandra/repair/AbstractRepairTest.java,0.0,0.0,0.0,0.0,0.0,0.0,0.0,0.0,0.0,0.0,0.0,0.0,0.0,,,0.0,0.0,1.0,0.0,0.0,0.0,0.0,0.0,0.0,0.0,0.0,0.0,0.0,0.0,0.0,0.0,0.0,0.0,0.0,0.0,0.0,0.0,0.0,0.0,0.0,0.0,0.0
cassandra,4de7a65ed9f3c97658a80dd64032ad6e82e9d58b,test/unit/org/apache/cassandra/repair/LocalSyncTaskTest.java,2.0,0.0,0.0,0.0,0.0,4.0,0.0,0.0,0.0,0.0,0.0,0.0,0.0,,,0.0,0.0,0.0,0.0,1.0,0.0,0.0,0.0,0.0,0.0,0.0,0.0,0.0,0.0,0.0,0.0,0.0,0.0,0.0,0.0,0.0,0.0,0.0,0.0,0.0,0.0,0.0
cassandra,4de7a65ed9f3c97658a80dd64032ad6e82e9d58b,test/unit/org/apache/cassandra/repair/RepairRunnableTest.java,0.0,0.0,0.0,0.0,0.0,2.0,0.0,0.0,0.0,0.0,0.0,0.0,0.0,,,0.0,0.0,0.0,0.0,0.0,0.0,0.0,0.0,0.0,0.0,0.0,0.0,0.0,0.0,0.0,0.0,0.0,0.0,0.0,0.0,0.0,0.0,0.0,0.0,0.0,0.0,0.0
cassandra,4de7a65ed9f3c97658a80dd64032ad6e82e9d58b,test/unit/org/apache/cassandra/repair/RepairSessionTest.java,1.0,0.0,0.0,0.0,0.0,1.0,0.0,0.0,0.0,0.0,0.0,0.0,0.0,,,0.0,0.0,0.0,0.0,0.0,0.0,0.0,0.0,0.0,0.0,0.0,0.0,0.0,0.0,0.0,0.0,0.0,0.0,0.0,0.0,0.0,0.0,0.0,0.0,0.0,0.0,0.0
cassandra,4de7a65ed9f3c97658a80dd64032ad6e82e9d58b,test/unit/org/apache/cassandra/repair/ValidatorTest.java,2.0,0.0,0.0,0.0,0.0,4.0,0.0,0.0,0.0,0.0,0.0,0.0,0.0,,,0.0,2.0,0.0,0.0,0.0,0.0,0.0,0.0,0.0,0.0,0.0,0.0,0.0,0.0,0.0,0.0,0.0,0.0,0.0,0.0,0.0,0.0,0.0,0.0,0.0,0.0,0.0
cassandra,4de7a65ed9f3c97658a80dd64032ad6e82e9d58b,test/unit/org/apache/cassandra/repair/asymmetric/DifferenceHolderTest.java,1.0,1.0,0.0,0.0,0.0,2.0,0.0,0.0,0.0,0.0,0.0,0.0,0.0,,,0.0,0.0,0.0,0.0,0.0,0.0,0.0,0.0,0.0,0.0,0.0,0.0,0.0,0.0,0.0,0.0,0.0,0.0,0.0,0.0,0.0,0.0,0.0,0.0,0.0,0.0,0.0
cassandra,4de7a65ed9f3c97658a80dd64032ad6e82e9d58b,test/unit/org/apache/cassandra/repair/asymmetric/ReduceHelperTest.java,5.0,3.0,0.0,0.0,0.0,0.0,0.0,0.0,0.0,0.0,0.0,0.0,0.0,,,1.0,0.0,0.0,0.0,5.0,0.0,0.0,0.0,0.0,0.0,0.0,0.0,0.0,0.0,0.0,0.0,0.0,0.0,0.0,0.0,0.0,0.0,0.0,0.0,0.0,0.0,0.0
cassandra,4de7a65ed9f3c97658a80dd64032ad6e82e9d58b,test/unit/org/apache/cassandra/repair/asymmetric/StreamFromOptionsTest.java,2.0,1.0,0.0,0.0,0.0,3.0,0.0,0.0,0.0,0.0,0.0,0.0,0.0,,,0.0,1.0,0.0,0.0,2.0,0.0,0.0,0.0,0.0,0.0,0.0,0.0,0.0,0.0,0.0,0.0,0.0,0.0,0.0,0.0,0.0,0.0,0.0,0.0,0.0,0.0,0.0
cassandra,4de7a65ed9f3c97658a80dd64032ad6e82e9d58b,test/unit/org/apache/cassandra/repair/consistent/AbstractConsistentSessionTest.java,0.0,0.0,0.0,0.0,0.0,0.0,0.0,0.0,0.0,0.0,0.0,0.0,0.0,,,0.0,0.0,1.0,0.0,0.0,0.0,0.0,0.0,0.0,0.0,0.0,0.0,0.0,0.0,0.0,0.0,0.0,0.0,0.0,0.0,0.0,0.0,0.0,0.0,0.0,0.0,0.0
cassandra,4de7a65ed9f3c97658a80dd64032ad6e82e9d58b,test/unit/org/apache/cassandra/repair/consistent/CoordinatorSessionTest.java,7.0,5.0,0.0,0.0,0.0,0.0,0.0,0.0,0.0,0.0,0.0,0.0,0.0,,,7.0,0.0,0.0,0.0,0.0,0.0,0.0,0.0,0.0,0.0,0.0,0.0,0.0,0.0,0.0,0.0,0.0,0.0,0.0,0.0,0.0,0.0,0.0,0.0,0.0,0.0,0.0
cassandra,4de7a65ed9f3c97658a80dd64032ad6e82e9d58b,test/unit/org/apache/cassandra/repair/consistent/CoordinatorSessionsTest.java,4.0,0.0,0.0,0.0,0.0,0.0,0.0,0.0,0.0,0.0,0.0,0.0,0.0,,,0.0,0.0,0.0,0.0,3.0,0.0,0.0,0.0,0.0,0.0,0.0,0.0,0.0,0.0,0.0,0.0,0.0,0.0,0.0,0.0,0.0,0.0,0.0,0.0,0.0,0.0,0.0
cassandra,4de7a65ed9f3c97658a80dd64032ad6e82e9d58b,test/unit/org/apache/cassandra/repair/consistent/LocalSessionTest.java,21.0,0.0,0.0,0.0,0.0,17.0,0.0,0.0,0.0,0.0,0.0,0.0,0.0,,,7.0,0.0,0.0,0.0,3.0,0.0,0.0,0.0,0.0,0.0,0.0,0.0,0.0,0.0,0.0,0.0,0.0,0.0,0.0,0.0,0.0,0.0,0.0,0.0,0.0,0.0,0.0
cassandra,4de7a65ed9f3c97658a80dd64032ad6e82e9d58b,test/unit/org/apache/cassandra/repair/consistent/PendingAntiCompactionTest.java,8.0,2.0,0.0,0.0,0.0,9.0,9.0,0.0,0.0,0.0,0.0,0.0,0.0,,,1.0,1.0,0.0,0.0,7.0,0.0,0.0,0.0,0.0,0.0,0.0,0.0,0.0,0.0,0.0,0.0,0.0,0.0,0.0,0.0,0.0,0.0,0.0,0.0,0.0,0.0,0.0
cassandra,4de7a65ed9f3c97658a80dd64032ad6e82e9d58b,test/unit/org/apache/cassandra/repair/messages/RepairMessageSerializationsTest.java,0.0,0.0,0.0,0.0,0.0,8.0,0.0,0.0,0.0,0.0,0.0,0.0,0.0,,,0.0,5.0,0.0,0.0,0.0,0.0,0.0,0.0,0.0,0.0,0.0,0.0,0.0,0.0,0.0,0.0,0.0,0.0,0.0,0.0,0.0,0.0,0.0,0.0,0.0,0.0,0.0
cassandra,4de7a65ed9f3c97658a80dd64032ad6e82e9d58b,test/unit/org/apache/cassandra/repair/messages/RepairMessageSerializerTest.java,0.0,0.0,0.0,0.0,0.0,6.0,0.0,0.0,0.0,0.0,0.0,0.0,0.0,,,0.0,0.0,0.0,0.0,0.0,0.0,0.0,0.0,0.0,0.0,0.0,0.0,0.0,0.0,0.0,0.0,0.0,0.0,0.0,0.0,0.0,0.0,0.0,0.0,0.0,0.0,0.0
cassandra,4de7a65ed9f3c97658a80dd64032ad6e82e9d58b,test/unit/org/apache/cassandra/service/ActiveRepairServiceTest.java,2.0,5.0,0.0,0.0,0.0,9.0,0.0,0.0,0.0,0.0,0.0,0.0,0.0,,,0.0,0.0,0.0,0.0,2.0,0.0,0.0,0.0,0.0,0.0,0.0,0.0,0.0,0.0,0.0,0.0,0.0,0.0,0.0,0.0,0.0,0.0,0.0,0.0,0.0,0.0,0.0
cassandra,4de7a65ed9f3c97658a80dd64032ad6e82e9d58b,test/unit/org/apache/cassandra/service/DataResolverTest.java,10.0,0.0,0.0,0.0,0.0,6.0,3.0,0.0,0.0,0.0,0.0,0.0,0.0,,,1.0,4.0,1.0,0.0,9.0,0.0,0.0,0.0,0.0,0.0,0.0,0.0,0.0,0.0,0.0,0.0,0.0,0.0,0.0,0.0,0.0,0.0,0.0,0.0,0.0,0.0,0.0
cassandra,4de7a65ed9f3c97658a80dd64032ad6e82e9d58b,test/unit/org/apache/cassandra/service/LeaveAndBootstrapTest.java,7.0,2.0,0.0,0.0,0.0,8.0,0.0,0.0,0.0,0.0,0.0,0.0,1.0,,,6.0,1.0,0.0,0.0,5.0,0.0,0.0,0.0,0.0,0.0,0.0,0.0,0.0,0.0,0.0,0.0,0.0,0.0,0.0,0.0,0.0,0.0,0.0,0.0,0.0,0.0,0.0
cassandra,4de7a65ed9f3c97658a80dd64032ad6e82e9d58b,test/unit/org/apache/cassandra/service/MoveTest.java,3.0,4.0,0.0,0.0,0.0,7.0,0.0,0.0,0.0,0.0,0.0,1.0,0.0,,,3.0,0.0,0.0,0.0,3.0,0.0,0.0,0.0,0.0,0.0,0.0,0.0,0.0,0.0,0.0,0.0,0.0,0.0,0.0,0.0,0.0,0.0,0.0,0.0,0.0,0.0,0.0
cassandra,4de7a65ed9f3c97658a80dd64032ad6e82e9d58b,test/unit/org/apache/cassandra/service/ProtocolBetaVersionTest.java,2.0,2.0,0.0,0.0,0.0,2.0,0.0,0.0,0.0,0.0,0.0,0.0,0.0,,,0.0,0.0,0.0,0.0,1.0,0.0,0.0,0.0,0.0,0.0,0.0,0.0,0.0,0.0,0.0,0.0,0.0,0.0,0.0,0.0,0.0,0.0,0.0,0.0,0.0,0.0,0.0
cassandra,4de7a65ed9f3c97658a80dd64032ad6e82e9d58b,test/unit/org/apache/cassandra/service/ReadExecutorTest.java,3.0,0.0,0.0,0.0,0.0,3.0,0.0,0.0,0.0,0.0,0.0,0.0,0.0,,,2.0,0.0,0.0,0.0,3.0,0.0,0.0,0.0,0.0,0.0,0.0,0.0,0.0,0.0,0.0,0.0,0.0,0.0,0.0,0.0,0.0,0.0,0.0,0.0,0.0,0.0,0.0
cassandra,4de7a65ed9f3c97658a80dd64032ad6e82e9d58b,test/unit/org/apache/cassandra/service/RemoveTest.java,1.0,1.0,0.0,0.0,0.0,1.0,3.0,0.0,0.0,0.0,0.0,0.0,1.0,,,0.0,0.0,0.0,0.0,1.0,0.0,0.0,0.0,0.0,0.0,0.0,0.0,0.0,0.0,0.0,0.0,0.0,0.0,0.0,0.0,0.0,0.0,0.0,0.0,0.0,0.0,0.0
cassandra,4de7a65ed9f3c97658a80dd64032ad6e82e9d58b,test/unit/org/apache/cassandra/service/SerializationsTest.java,0.0,2.0,0.0,0.0,0.0,2.0,0.0,0.0,0.0,0.0,0.0,0.0,0.0,,,0.0,2.0,2.0,0.0,0.0,0.0,0.0,0.0,0.0,0.0,0.0,0.0,0.0,0.0,1.0,0.0,0.0,0.0,0.0,0.0,0.0,0.0,0.0,0.0,0.0,0.0,0.0
cassandra,4de7a65ed9f3c97658a80dd64032ad6e82e9d58b,test/unit/org/apache/cassandra/service/StorageProxyTest.java,0.0,0.0,0.0,0.0,0.0,4.0,0.0,0.0,0.0,0.0,0.0,0.0,0.0,,,0.0,4.0,2.0,0.0,0.0,0.0,0.0,0.0,0.0,0.0,0.0,0.0,0.0,0.0,0.0,0.0,0.0,0.0,0.0,0.0,0.0,0.0,0.0,0.0,0.0,0.0,0.0
cassandra,4de7a65ed9f3c97658a80dd64032ad6e82e9d58b,test/unit/org/apache/cassandra/service/StorageServiceServerTest.java,3.0,2.0,0.0,0.0,0.0,14.0,0.0,1.0,0.0,0.0,0.0,0.0,0.0,,,3.0,10.0,0.0,2.0,2.0,0.0,0.0,0.0,0.0,0.0,0.0,0.0,0.0,0.0,0.0,0.0,0.0,0.0,0.0,0.0,0.0,0.0,0.0,0.0,0.0,0.0,0.0
cassandra,4de7a65ed9f3c97658a80dd64032ad6e82e9d58b,test/unit/org/apache/cassandra/service/WriteResponseHandlerTest.java,4.0,0.0,0.0,0.0,0.0,4.0,0.0,0.0,0.0,0.0,0.0,0.0,0.0,,,0.0,0.0,0.0,0.0,4.0,0.0,0.0,0.0,0.0,0.0,0.0,0.0,0.0,0.0,0.0,0.0,0.0,0.0,0.0,0.0,0.0,0.0,0.0,0.0,0.0,0.0,0.0
cassandra,4de7a65ed9f3c97658a80dd64032ad6e82e9d58b,test/unit/org/apache/cassandra/streaming/SessionInfoTest.java,0.0,1.0,0.0,0.0,0.0,0.0,0.0,0.0,0.0,0.0,0.0,0.0,0.0,,,0.0,1.0,0.0,0.0,0.0,0.0,0.0,0.0,0.0,0.0,0.0,0.0,0.0,0.0,0.0,0.0,0.0,0.0,0.0,0.0,0.0,0.0,0.0,0.0,0.0,0.0,0.0
cassandra,4de7a65ed9f3c97658a80dd64032ad6e82e9d58b,test/unit/org/apache/cassandra/streaming/StreamTransferTaskTest.java,2.0,2.0,0.0,0.0,0.0,2.0,0.0,0.0,0.0,1.0,0.0,0.0,0.0,,,0.0,0.0,0.0,0.0,2.0,0.0,0.0,0.0,0.0,0.0,0.0,0.0,0.0,0.0,0.0,0.0,0.0,0.0,0.0,0.0,0.0,0.0,0.0,0.0,0.0,0.0,0.0
cassandra,4de7a65ed9f3c97658a80dd64032ad6e82e9d58b,test/unit/org/apache/cassandra/streaming/StreamingTransferTest.java,1.0,0.0,0.0,0.0,0.0,5.0,0.0,0.0,0.0,0.0,0.0,0.0,0.0,,,0.0,4.0,0.0,0.0,1.0,0.0,0.0,0.0,0.0,0.0,0.0,0.0,0.0,0.0,0.0,0.0,0.0,0.0,0.0,0.0,0.0,0.0,0.0,0.0,0.0,0.0,0.0
cassandra,4de7a65ed9f3c97658a80dd64032ad6e82e9d58b,test/unit/org/apache/cassandra/streaming/async/NettyStreamingMessageSenderTest.java,9.0,0.0,0.0,0.0,0.0,1.0,2.0,0.0,0.0,0.0,0.0,0.0,0.0,,,2.0,0.0,0.0,0.0,0.0,0.0,0.0,0.0,0.0,0.0,0.0,0.0,0.0,0.0,0.0,0.0,0.0,0.0,0.0,0.0,0.0,0.0,0.0,0.0,0.0,0.0,0.0
cassandra,4de7a65ed9f3c97658a80dd64032ad6e82e9d58b,test/unit/org/apache/cassandra/streaming/async/StreamingInboundHandlerTest.java,3.0,0.0,0.0,0.0,0.0,7.0,6.0,0.0,0.0,0.0,0.0,0.0,0.0,,,0.0,0.0,0.0,0.0,3.0,0.0,0.0,0.0,0.0,0.0,0.0,0.0,0.0,0.0,0.0,0.0,0.0,0.0,0.0,0.0,0.0,0.0,0.0,0.0,0.0,0.0,0.0
cassandra,4de7a65ed9f3c97658a80dd64032ad6e82e9d58b,test/unit/org/apache/cassandra/tracing/TracingTest.java,0.0,0.0,0.0,0.0,0.0,0.0,0.0,0.0,0.0,0.0,0.0,0.0,0.0,,,0.0,6.0,0.0,0.0,0.0,0.0,0.0,0.0,0.0,0.0,0.0,0.0,0.0,0.0,0.0,0.0,0.0,0.0,0.0,0.0,0.0,0.0,0.0,0.0,0.0,0.0,0.0
cassandra,4de7a65ed9f3c97658a80dd64032ad6e82e9d58b,test/unit/org/apache/cassandra/transport/ErrorMessageTest.java,3.0,0.0,0.0,0.0,0.0,1.0,0.0,0.0,0.0,0.0,0.0,0.0,0.0,,,0.0,0.0,0.0,0.0,0.0,0.0,0.0,0.0,0.0,0.0,0.0,0.0,0.0,0.0,0.0,0.0,0.0,0.0,0.0,0.0,0.0,0.0,0.0,0.0,0.0,0.0,0.0
cassandra,4de7a65ed9f3c97658a80dd64032ad6e82e9d58b,test/unit/org/apache/cassandra/transport/ProtocolVersionTest.java,3.0,1.0,0.0,0.0,0.0,1.0,0.0,0.0,0.0,0.0,0.0,0.0,0.0,,,1.0,0.0,0.0,0.0,1.0,0.0,0.0,0.0,0.0,0.0,0.0,0.0,0.0,0.0,0.0,0.0,0.0,0.0,0.0,0.0,0.0,0.0,0.0,0.0,0.0,0.0,0.0
cassandra,4de7a65ed9f3c97658a80dd64032ad6e82e9d58b,test/unit/org/apache/cassandra/transport/SerDeserTest.java,0.0,6.0,0.0,0.0,0.0,4.0,0.0,0.0,0.0,0.0,0.0,0.0,0.0,,,0.0,6.0,0.0,0.0,0.0,0.0,0.0,0.0,0.0,0.0,0.0,0.0,0.0,0.0,0.0,0.0,0.0,0.0,0.0,0.0,0.0,0.0,0.0,0.0,0.0,0.0,0.0
cassandra,4de7a65ed9f3c97658a80dd64032ad6e82e9d58b,test/unit/org/apache/cassandra/utils/FBUtilitiesTest.java,3.0,1.0,0.0,0.0,0.0,3.0,0.0,0.0,0.0,0.0,2.0,0.0,0.0,,,1.0,0.0,0.0,0.0,0.0,0.0,0.0,0.0,0.0,0.0,0.0,0.0,0.0,0.0,0.0,0.0,0.0,0.0,0.0,0.0,0.0,0.0,0.0,0.0,0.0,0.0,0.0
cassandra,7e362e78c342d8ca016de12218732a3e5f7dcc36,test/unit/org/apache/cassandra/db/commitlog/CommitLogSegmentManagerCDCTest.java,1.0,4.0,0.0,0.0,0.0,7.0,0.0,7.0,0.0,0.0,1.0,0.0,0.0,,,2.0,0.0,0.0,5.0,1.0,0.0,0.0,0.0,0.0,0.0,0.0,0.0,0.0,0.0,0.0,0.0,0.0,0.0,0.0,0.0,0.0,0.0,0.0,0.0,0.0,0.0,0.0
cassandra,69db2359ee0889cb4a57aec179b9821ff442d26b,test/unit/org/apache/cassandra/gms/GossiperTest.java,1.0,0.0,0.0,0.0,0.0,1.0,0.0,0.0,0.0,0.0,0.0,0.0,0.0,,,1.0,0.0,0.0,0.0,1.0,0.0,1.0,1.0,0.0,0.0,0.0,1.0,2.0,0.0,0.0,0.0,1.0,0.0,0.0,0.0,0.0,1.0,0.0,0.0,0.0,0.0,0.0
cassandra,59a4624d5f9b2c414b200e65b45beed9c5f4db52,test/unit/org/apache/cassandra/cql3/PreparedStatementsTest.java,3.0,0.0,0.0,0.0,0.0,4.0,0.0,0.0,0.0,0.0,0.0,0.0,0.0,,,2.0,7.0,4.0,0.0,2.0,0.0,0.0,0.0,0.0,0.0,0.0,0.0,0.0,0.0,0.0,0.0,0.0,0.0,0.0,0.0,0.0,0.0,0.0,0.0,0.0,0.0,0.0
cassandra,59a4624d5f9b2c414b200e65b45beed9c5f4db52,test/unit/org/apache/cassandra/service/ProtocolBetaVersionTest.java,2.0,2.0,0.0,0.0,0.0,2.0,0.0,0.0,0.0,0.0,0.0,0.0,0.0,,,0.0,0.0,0.0,0.0,1.0,0.0,0.0,0.0,0.0,0.0,0.0,0.0,0.0,0.0,0.0,0.0,0.0,0.0,0.0,0.0,0.0,0.0,0.0,0.0,0.0,0.0,0.0
cassandra,59a4624d5f9b2c414b200e65b45beed9c5f4db52,test/unit/org/apache/cassandra/transport/ProtocolVersionTest.java,3.0,1.0,0.0,0.0,0.0,1.0,0.0,0.0,0.0,0.0,0.0,0.0,0.0,,,1.0,0.0,0.0,0.0,1.0,0.0,0.0,0.0,0.0,0.0,0.0,0.0,0.0,0.0,0.0,0.0,0.0,0.0,0.0,0.0,0.0,0.0,0.0,0.0,0.0,0.0,0.0
cassandra,d0b34d383c20f5add8b8d7d454b4460aace0c939,test/unit/org/apache/cassandra/db/compaction/CompactionsCQLTest.java,7.0,0.0,0.0,0.0,0.0,12.0,0.0,0.0,0.0,0.0,0.0,0.0,0.0,,,2.0,0.0,0.0,0.0,0.0,0.0,0.0,1.0,0.0,0.0,0.0,3.0,0.0,0.0,0.0,0.0,0.0,0.0,1.0,0.0,0.0,0.0,0.0,0.0,0.0,0.0,0.0
cassandra,d369190964be9a6011f707a7e584446f9ec57a73,test/unit/org/apache/cassandra/db/ReadCommandTest.java,4.0,1.0,0.0,0.0,0.0,4.0,0.0,0.0,0.0,0.0,1.0,0.0,0.0,,,0.0,0.0,0.0,0.0,4.0,0.0,0.0,0.0,0.0,0.0,0.0,2.0,0.0,0.0,0.0,0.0,0.0,0.0,0.0,0.0,0.0,0.0,0.0,0.0,0.0,2.0,0.0
cassandra,7885a703d6dae8c3c6e5a6af632c6a23342593fc,test/unit/org/apache/cassandra/cql3/ViewComplexTest.java,1.0,5.0,0.0,0.0,0.0,36.0,0.0,0.0,0.0,0.0,0.0,0.0,3.0,,,1.0,28.0,9.0,0.0,1.0,0.0,0.0,0.0,0.0,0.0,0.0,0.0,0.0,0.0,0.0,0.0,0.0,0.0,0.0,0.0,0.0,0.0,0.0,0.0,0.0,0.0,0.0
cassandra,714703a08dfb965df40f4dad6ba83196ff95156f,test/unit/org/apache/cassandra/security/SSLFactoryTest.java,3.0,1.0,0.0,0.0,0.0,8.0,1.0,0.0,0.0,0.0,0.0,0.0,0.0,,,0.0,0.0,0.0,0.0,0.0,0.0,0.0,0.0,0.0,0.0,0.0,1.0,0.0,1.0,0.0,0.0,0.0,0.0,1.0,0.0,0.0,0.0,0.0,0.0,1.0,0.0,0.0
cassandra,40148a178bd9b74b731591aa46b4158efb16b742,test/unit/org/apache/cassandra/db/VerifyTest.java,0.0,1.0,0.0,0.0,0.0,11.0,0.0,0.0,0.0,0.0,0.0,0.0,0.0,,,0.0,0.0,0.0,0.0,0.0,0.0,1.0,0.0,0.0,0.0,0.0,1.0,0.0,0.0,0.0,0.0,0.0,0.0,0.0,0.0,0.0,0.0,0.0,0.0,0.0,0.0,0.0
cassandra,40148a178bd9b74b731591aa46b4158efb16b742,test/unit/org/apache/cassandra/io/sstable/LegacySSTableTest.java,0.0,2.0,0.0,0.0,0.0,4.0,0.0,0.0,0.0,0.0,0.0,0.0,0.0,,,0.0,2.0,1.0,0.0,2.0,0.0,0.0,1.0,0.0,0.0,0.0,1.0,0.0,0.0,0.0,0.0,0.0,0.0,0.0,0.0,0.0,0.0,1.0,0.0,0.0,0.0,0.0
